DATE,BAMLC0A1CAAAEY
12/31/1996,6.72
1/1/1997,.
1/2/1997,6.8
1/3/1997,6.8
1/6/1997,6.8
1/7/1997,6.82
1/8/1997,6.84
1/9/1997,6.81
1/10/1997,6.9
1/13/1997,6.9
1/14/1997,6.83
1/15/1997,6.83
1/16/1997,6.84
1/17/1997,6.83
1/20/1997,6.83
1/21/1997,6.82
1/22/1997,6.83
1/23/1997,6.86
1/24/1997,6.91
1/27/1997,6.96
1/28/1997,6.91
1/29/1997,6.9
1/30/1997,6.86
1/31/1997,6.81
2/3/1997,6.76
2/4/1997,6.74
2/5/1997,6.77
2/6/1997,6.77
2/7/1997,6.72
2/10/1997,6.72
2/11/1997,6.72
2/12/1997,6.74
2/13/1997,6.65
2/14/1997,6.57
2/17/1997,.
2/18/1997,6.59
2/19/1997,6.62
2/20/1997,6.69
2/21/1997,6.69
2/24/1997,6.71
2/25/1997,6.72
2/26/1997,6.88
2/27/1997,6.9
2/28/1997,6.93
3/3/1997,6.94
3/4/1997,6.97
3/5/1997,6.96
3/6/1997,6.99
3/7/1997,6.94
3/10/1997,6.94
3/11/1997,6.94
3/12/1997,6.98
3/13/1997,7.09
3/14/1997,7.07
3/17/1997,7.08
3/18/1997,7.08
3/19/1997,7.11
3/20/1997,7.11
3/21/1997,7.11
3/24/1997,7.09
3/25/1997,7.13
3/26/1997,7.17
3/27/1997,7.27
3/28/1997,.
3/31/1997,7.25
4/1/1997,7.23
4/2/1997,7.22
4/3/1997,7.21
4/4/1997,7.26
4/7/1997,7.21
4/8/1997,7.24
4/9/1997,7.24
4/10/1997,7.24
4/11/1997,7.31
4/14/1997,7.32
4/15/1997,7.22
4/16/1997,7.24
4/17/1997,7.2
4/18/1997,7.18
4/21/1997,7.21
4/22/1997,7.2
4/23/1997,7.24
4/24/1997,7.27
4/25/1997,7.29
4/28/1997,7.26
4/29/1997,7.12
4/30/1997,7.07
5/1/1997,7.04
5/2/1997,7.01
5/5/1997,7.01
5/6/1997,7.02
5/7/1997,7.08
5/8/1997,7.06
5/9/1997,7
5/12/1997,6.98
5/13/1997,7.04
5/14/1997,6.99
5/15/1997,6.99
5/16/1997,7.02
5/19/1997,7.03
5/20/1997,7.01
5/21/1997,7.05
5/22/1997,7.07
5/23/1997,7.06
5/26/1997,.
5/27/1997,7.1
5/28/1997,7.11
5/29/1997,7.07
5/30/1997,7
5/31/1997,6.99
6/2/1997,6.97
6/3/1997,6.94
6/4/1997,6.94
6/5/1997,6.94
6/6/1997,6.85
6/9/1997,6.89
6/10/1997,6.9
6/11/1997,6.89
6/12/1997,6.81
6/13/1997,6.77
6/16/1997,6.74
6/17/1997,6.77
6/18/1997,6.74
6/19/1997,6.74
6/20/1997,6.72
6/23/1997,6.75
6/24/1997,6.75
6/25/1997,6.78
6/26/1997,6.82
6/27/1997,6.79
6/30/1997,6.86
7/1/1997,6.8
7/2/1997,6.77
7/3/1997,6.66
7/4/1997,.
7/7/1997,6.63
7/8/1997,6.64
7/9/1997,6.62
7/10/1997,6.62
7/11/1997,6.6
7/14/1997,6.62
7/15/1997,6.62
7/16/1997,6.56
7/17/1997,6.56
7/18/1997,6.59
7/21/1997,6.62
7/22/1997,6.51
7/23/1997,6.47
7/24/1997,6.5
7/25/1997,6.53
7/28/1997,6.46
7/29/1997,6.45
7/30/1997,6.42
7/31/1997,6.4
8/1/1997,6.55
8/4/1997,6.57
8/5/1997,6.58
8/6/1997,6.58
8/7/1997,6.6
8/8/1997,6.71
8/11/1997,6.71
8/12/1997,6.75
8/13/1997,6.71
8/14/1997,6.65
8/15/1997,6.64
8/18/1997,6.59
8/19/1997,6.59
8/20/1997,6.63
8/21/1997,6.65
8/22/1997,6.73
8/25/1997,6.75
8/26/1997,6.74
8/27/1997,6.74
8/28/1997,6.64
8/29/1997,6.69
8/31/1997,6.7
9/1/1997,.
9/2/1997,6.65
9/3/1997,6.68
9/4/1997,6.69
9/5/1997,6.72
9/8/1997,6.69
9/9/1997,6.71
9/10/1997,6.74
9/11/1997,6.77
9/12/1997,6.65
9/15/1997,6.66
9/16/1997,6.49
9/17/1997,6.45
9/18/1997,6.46
9/19/1997,6.48
9/22/1997,6.47
9/23/1997,6.45
9/24/1997,6.46
9/25/1997,6.5
9/26/1997,6.48
9/29/1997,6.44
9/30/1997,6.5
10/1/1997,6.46
10/2/1997,6.44
10/3/1997,6.42
10/6/1997,6.39
10/7/1997,6.37
10/8/1997,6.48
10/9/1997,6.49
10/10/1997,6.56
10/13/1997,6.56
10/14/1997,6.48
10/15/1997,6.49
10/16/1997,6.48
10/17/1997,6.59
10/20/1997,6.56
10/21/1997,6.56
10/22/1997,6.54
10/23/1997,6.48
10/24/1997,6.45
10/27/1997,6.32
10/28/1997,6.44
10/29/1997,6.37
10/30/1997,6.32
10/31/1997,6.35
11/3/1997,6.44
11/4/1997,6.48
11/5/1997,6.47
11/6/1997,6.43
11/7/1997,6.43
11/10/1997,6.44
11/11/1997,6.43
11/12/1997,6.43
11/13/1997,6.41
11/14/1997,6.41
11/17/1997,6.4
11/18/1997,6.4
11/19/1997,6.34
11/20/1997,6.38
11/21/1997,6.35
11/24/1997,6.41
11/25/1997,6.41
11/26/1997,6.41
11/27/1997,6.41
11/28/1997,6.42
11/30/1997,6.41
12/1/1997,6.4
12/2/1997,6.4
12/3/1997,6.38
12/4/1997,6.38
12/5/1997,6.44
12/8/1997,6.48
12/9/1997,6.47
12/10/1997,6.43
12/11/1997,6.36
12/12/1997,6.29
12/15/1997,6.32
12/16/1997,6.32
12/17/1997,6.35
12/18/1997,6.31
12/19/1997,6.26
12/22/1997,6.27
12/23/1997,6.27
12/24/1997,6.29
12/25/1997,.
12/26/1997,6.29
12/29/1997,6.3
12/30/1997,6.35
12/31/1997,6.3
1/1/1998,.
1/2/1998,6.23
1/5/1998,6.1
1/6/1998,6.07
1/7/1998,6.13
1/8/1998,6.06
1/9/1998,5.98
1/12/1998,5.97
1/13/1998,6
1/14/1998,6.03
1/15/1998,6.04
1/16/1998,6.11
1/19/1998,6.11
1/20/1998,6.13
1/21/1998,6.1
1/22/1998,6.12
1/23/1998,6.23
1/26/1998,6.19
1/27/1998,6.24
1/28/1998,6.25
1/29/1998,6.14
1/30/1998,6.12
1/31/1998,6.1
2/2/1998,6.15
2/3/1998,6.14
2/4/1998,6.15
2/5/1998,6.2
2/6/1998,6.2
2/9/1998,6.23
2/10/1998,6.22
2/11/1998,6.16
2/12/1998,6.15
2/13/1998,6.12
2/16/1998,6.11
2/17/1998,6.07
2/18/1998,6.11
2/19/1998,6.13
2/20/1998,6.14
2/23/1998,6.19
2/24/1998,6.28
2/25/1998,6.24
2/26/1998,6.26
2/27/1998,6.23
2/28/1998,6.23
3/2/1998,6.3
3/3/1998,6.35
3/4/1998,6.35
3/5/1998,6.36
3/6/1998,6.31
3/9/1998,6.25
3/10/1998,6.25
3/11/1998,6.23
3/12/1998,6.17
3/13/1998,6.18
3/16/1998,6.15
3/17/1998,6.18
3/18/1998,6.2
3/19/1998,6.2
3/20/1998,6.19
3/23/1998,6.18
3/24/1998,6.18
3/25/1998,6.25
3/26/1998,6.28
3/27/1998,6.28
3/30/1998,6.31
3/31/1998,6.26
4/1/1998,6.21
4/2/1998,6.17
4/3/1998,6.09
4/6/1998,6.13
4/7/1998,6.15
4/8/1998,6.18
4/9/1998,6.19
4/10/1998,.
4/13/1998,6.25
4/14/1998,6.21
4/15/1998,6.2
4/16/1998,6.18
4/17/1998,6.18
4/20/1998,6.23
4/21/1998,6.27
4/22/1998,6.27
4/23/1998,6.28
4/24/1998,6.26
4/27/1998,6.37
4/28/1998,6.38
4/29/1998,6.4
4/30/1998,6.27
5/1/1998,6.25
5/4/1998,6.25
5/5/1998,6.28
5/6/1998,6.26
5/7/1998,6.26
5/8/1998,6.29
5/11/1998,6.36
5/12/1998,6.29
5/13/1998,6.27
5/14/1998,6.29
5/15/1998,6.29
5/18/1998,6.24
5/19/1998,6.25
5/20/1998,6.22
5/21/1998,6.27
5/22/1998,6.25
5/25/1998,6.25
5/26/1998,6.2
5/27/1998,6.18
5/28/1998,6.19
5/29/1998,6.18
5/31/1998,6.2
6/1/1998,6.18
6/2/1998,6.2
6/3/1998,6.21
6/4/1998,6.23
6/5/1998,6.22
6/8/1998,6.22
6/9/1998,6.22
6/10/1998,6.16
6/11/1998,6.09
6/12/1998,6.08
6/15/1998,6.04
6/16/1998,6.1
6/17/1998,6.18
6/18/1998,6.14
6/19/1998,6.12
6/22/1998,6.11
6/23/1998,6.11
6/24/1998,6.11
6/25/1998,6.12
6/26/1998,6.11
6/29/1998,6.12
6/30/1998,6.11
7/1/1998,6.09
7/2/1998,6.07
7/3/1998,6.07
7/6/1998,6.05
7/7/1998,6.07
7/8/1998,6.08
7/9/1998,6.06
7/10/1998,6.07
7/13/1998,6.12
7/14/1998,6.15
7/15/1998,6.14
7/16/1998,6.16
7/17/1998,6.17
7/20/1998,6.14
7/21/1998,6.11
7/22/1998,6.12
7/23/1998,6.1
7/24/1998,6.12
7/27/1998,6.13
7/28/1998,6.14
7/29/1998,6.18
7/30/1998,6.17
7/31/1998,6.18
8/3/1998,6.13
8/4/1998,6.1
8/5/1998,6.1
8/6/1998,6.1
8/7/1998,6.07
8/10/1998,6.06
8/11/1998,6.03
8/12/1998,6.05
8/13/1998,6.08
8/14/1998,6.06
8/17/1998,6.05
8/18/1998,6.07
8/19/1998,6.07
8/20/1998,6.04
8/21/1998,5.99
8/24/1998,5.97
8/25/1998,5.93
8/26/1998,5.94
8/27/1998,5.88
8/28/1998,5.92
8/31/1998,5.97
9/1/1998,6
9/2/1998,6.03
9/3/1998,5.99
9/4/1998,5.98
9/7/1998,5.96
9/8/1998,5.99
9/9/1998,5.9
9/10/1998,5.76
9/11/1998,5.81
9/14/1998,5.88
9/15/1998,5.9
9/16/1998,5.91
9/17/1998,5.84
9/18/1998,5.8
9/21/1998,5.78
9/22/1998,5.82
9/23/1998,5.78
9/24/1998,5.75
9/25/1998,5.73
9/28/1998,5.74
9/29/1998,5.74
9/30/1998,5.51
10/1/1998,5.38
10/2/1998,5.39
10/5/1998,5.29
10/6/1998,5.33
10/7/1998,5.43
10/8/1998,5.54
10/9/1998,5.76
10/12/1998,5.8
10/13/1998,5.75
10/14/1998,5.66
10/15/1998,5.65
10/16/1998,5.51
10/19/1998,5.52
10/20/1998,5.6
10/21/1998,5.61
10/22/1998,5.65
10/23/1998,5.68
10/26/1998,5.7
10/27/1998,5.62
10/28/1998,5.61
10/29/1998,5.57
10/30/1998,5.63
10/31/1998,5.61
11/2/1998,5.71
11/3/1998,5.74
11/4/1998,5.86
11/5/1998,5.79
11/6/1998,5.92
11/9/1998,5.86
11/10/1998,5.79
11/11/1998,5.8
11/12/1998,5.77
11/13/1998,5.79
11/16/1998,5.82
11/17/1998,5.82
11/18/1998,5.8
11/19/1998,5.83
11/20/1998,5.81
11/23/1998,5.82
11/24/1998,5.82
11/25/1998,5.79
11/26/1998,5.79
11/27/1998,5.77
11/30/1998,5.58
12/1/1998,5.53
12/2/1998,5.47
12/3/1998,5.46
12/4/1998,5.52
12/7/1998,5.58
12/8/1998,5.49
12/9/1998,5.47
12/10/1998,5.44
12/11/1998,5.54
12/14/1998,5.51
12/15/1998,5.56
12/16/1998,5.52
12/17/1998,5.51
12/18/1998,5.52
12/21/1998,5.58
12/22/1998,5.63
12/23/1998,5.74
12/24/1998,5.77
12/25/1998,.
12/28/1998,5.7
12/29/1998,5.66
12/30/1998,5.61
12/31/1998,5.6
1/1/1999,.
1/4/1999,5.62
1/5/1999,5.68
1/6/1999,5.66
1/7/1999,5.7
1/8/1999,5.75
1/11/1999,5.79
1/12/1999,5.72
1/13/1999,5.66
1/14/1999,5.56
1/15/1999,5.63
1/18/1999,5.62
1/19/1999,5.65
1/20/1999,5.69
1/21/1999,5.64
1/22/1999,5.6
1/25/1999,5.61
1/26/1999,5.63
1/27/1999,5.63
1/28/1999,5.61
1/29/1999,5.58
1/31/1999,5.59
2/1/1999,5.68
2/2/1999,5.73
2/3/1999,5.76
2/4/1999,5.82
2/5/1999,5.84
2/8/1999,5.83
2/9/1999,5.81
2/10/1999,5.81
2/11/1999,5.82
2/12/1999,5.96
2/15/1999,5.96
2/16/1999,5.92
2/17/1999,5.88
2/18/1999,5.94
2/19/1999,5.94
2/22/1999,5.91
2/23/1999,5.96
2/24/1999,6.04
2/25/1999,6.15
2/26/1999,6.12
2/28/1999,6.1
3/1/1999,6.18
3/2/1999,6.13
3/3/1999,6.16
3/4/1999,6.19
3/5/1999,6.11
3/8/1999,6.08
3/9/1999,6.01
3/10/1999,6.03
3/11/1999,6.03
3/12/1999,5.99
3/15/1999,5.99
3/16/1999,5.95
3/17/1999,5.98
3/18/1999,5.96
3/19/1999,6.01
3/22/1999,6.04
3/23/1999,6.03
3/24/1999,6
3/25/1999,6.04
3/26/1999,6.04
3/29/1999,6.08
3/30/1999,6.03
3/31/1999,6.05
4/1/1999,6.09
4/2/1999,6.02
4/5/1999,6.01
4/6/1999,5.95
4/7/1999,5.96
4/8/1999,5.88
4/9/1999,5.88
4/12/1999,5.9
4/13/1999,5.94
4/14/1999,5.93
4/15/1999,5.96
4/16/1999,6.01
4/19/1999,5.96
4/20/1999,5.94
4/21/1999,5.95
4/22/1999,6.03
4/23/1999,6.02
4/26/1999,6.01
4/27/1999,5.99
4/28/1999,6.02
4/29/1999,5.96
4/30/1999,6.07
5/3/1999,6.09
5/4/1999,6.14
5/5/1999,6.13
5/6/1999,6.23
5/7/1999,6.25
5/10/1999,6.21
5/11/1999,6.27
5/12/1999,6.26
5/13/1999,6.16
5/14/1999,6.34
5/17/1999,6.36
5/18/1999,6.34
5/19/1999,6.34
5/20/1999,6.36
5/21/1999,6.3
5/24/1999,6.27
5/25/1999,6.28
5/26/1999,6.33
5/27/1999,6.39
5/28/1999,6.43
5/31/1999,6.44
6/1/1999,6.57
6/2/1999,6.57
6/3/1999,6.56
6/4/1999,6.57
6/7/1999,6.58
6/8/1999,6.6
6/9/1999,6.63
6/10/1999,6.68
6/11/1999,6.76
6/14/1999,6.74
6/15/1999,6.74
6/16/1999,6.69
6/17/1999,6.56
6/18/1999,6.61
6/21/1999,6.65
6/22/1999,6.68
6/23/1999,6.74
6/24/1999,6.78
6/25/1999,6.75
6/28/1999,6.7
6/29/1999,6.68
6/30/1999,6.57
7/1/1999,6.6
7/2/1999,6.6
7/5/1999,6.6
7/6/1999,6.63
7/7/1999,6.66
7/8/1999,6.6
7/9/1999,6.6
7/12/1999,6.51
7/13/1999,6.49
7/14/1999,6.51
7/15/1999,6.5
7/16/1999,6.47
7/19/1999,6.49
7/20/1999,6.47
7/21/1999,6.48
7/22/1999,6.57
7/23/1999,6.62
7/26/1999,6.69
7/27/1999,6.66
7/28/1999,6.66
7/29/1999,6.73
7/30/1999,6.79
7/31/1999,6.81
8/2/1999,6.81
8/3/1999,6.84
8/4/1999,6.82
8/5/1999,6.76
8/6/1999,6.89
8/9/1999,7.03
8/10/1999,7.04
8/11/1999,7.01
8/12/1999,7.02
8/13/1999,6.93
8/16/1999,6.9
8/17/1999,6.82
8/18/1999,6.81
8/19/1999,6.83
8/20/1999,6.8
8/23/1999,6.81
8/24/1999,6.76
8/25/1999,6.67
8/26/1999,6.7
8/27/1999,6.8
8/30/1999,6.9
8/31/1999,6.93
9/1/1999,6.93
9/2/1999,6.96
9/3/1999,6.85
9/6/1999,6.84
9/7/1999,6.9
9/8/1999,6.88
9/9/1999,6.91
9/10/1999,6.85
9/13/1999,6.84
9/14/1999,6.88
9/15/1999,6.85
9/16/1999,6.83
9/17/1999,6.79
9/20/1999,6.82
9/21/1999,6.84
9/22/1999,6.82
9/23/1999,6.77
9/24/1999,6.68
9/27/1999,6.75
9/28/1999,6.79
9/29/1999,6.87
9/30/1999,6.79
10/1/1999,6.87
10/4/1999,6.85
10/5/1999,6.91
10/6/1999,6.93
10/7/1999,6.93
10/8/1999,6.92
10/11/1999,6.92
10/12/1999,6.95
10/13/1999,7
10/14/1999,7.03
10/15/1999,6.96
10/18/1999,6.99
10/19/1999,7.04
10/20/1999,7.05
10/21/1999,7.06
10/22/1999,7.07
10/25/1999,7.06
10/26/1999,7.08
10/27/1999,7.03
10/28/1999,6.96
10/29/1999,6.87
10/31/1999,6.85
11/1/1999,6.89
11/2/1999,6.86
11/3/1999,6.84
11/4/1999,6.8
11/5/1999,6.76
11/8/1999,6.77
11/9/1999,6.79
11/10/1999,6.82
11/11/1999,6.82
11/12/1999,6.76
11/15/1999,6.75
11/16/1999,6.78
11/17/1999,6.86
11/18/1999,6.89
11/19/1999,6.89
11/22/1999,6.91
11/23/1999,6.91
11/24/1999,6.92
11/25/1999,6.92
11/26/1999,6.94
11/29/1999,7
11/30/1999,6.97
12/1/1999,7
12/2/1999,7.02
12/3/1999,6.96
12/6/1999,6.94
12/7/1999,6.9
12/8/1999,6.91
12/9/1999,6.9
12/10/1999,6.85
12/13/1999,6.88
12/14/1999,7
12/15/1999,7.03
12/16/1999,7.08
12/17/1999,7.09
12/20/1999,7.14
12/21/1999,7.15
12/22/1999,7.17
12/23/1999,7.18
12/24/1999,7.18
12/27/1999,7.16
12/28/1999,7.18
12/29/1999,7.15
12/30/1999,7.13
12/31/1999,7.29
1/3/2000,7.41
1/4/2000,7.34
1/5/2000,7.42
1/6/2000,7.37
1/7/2000,7.35
1/10/2000,7.39
1/11/2000,7.47
1/12/2000,7.49
1/13/2000,7.42
1/14/2000,7.47
1/17/2000,7.48
1/18/2000,7.52
1/19/2000,7.49
1/20/2000,7.52
1/21/2000,7.5
1/24/2000,7.42
1/25/2000,7.43
1/26/2000,7.42
1/27/2000,7.41
1/28/2000,7.41
1/31/2000,7.49
2/1/2000,7.45
2/2/2000,7.41
2/3/2000,7.3
2/4/2000,7.36
2/7/2000,7.46
2/8/2000,7.4
2/9/2000,7.45
2/10/2000,7.51
2/11/2000,7.47
2/14/2000,7.41
2/15/2000,7.43
2/16/2000,7.43
2/17/2000,7.45
2/18/2000,7.38
2/21/2000,7.38
2/22/2000,7.28
2/23/2000,7.36
2/24/2000,7.29
2/25/2000,7.28
2/28/2000,7.4
2/29/2000,7.39
3/1/2000,7.37
3/2/2000,7.39
3/3/2000,7.36
3/6/2000,7.4
3/7/2000,7.37
3/8/2000,7.37
3/9/2000,7.35
3/10/2000,7.39
3/13/2000,7.39
3/14/2000,7.33
3/15/2000,7.31
3/16/2000,7.28
3/17/2000,7.26
3/20/2000,7.26
3/21/2000,7.24
3/22/2000,7.23
3/23/2000,7.19
3/24/2000,7.31
3/27/2000,7.32
3/28/2000,7.3
3/29/2000,7.29
3/30/2000,7.24
3/31/2000,7.24
4/3/2000,7.2
4/4/2000,7.06
4/5/2000,7.11
4/6/2000,7.13
4/7/2000,7.09
4/10/2000,7.05
4/11/2000,7.1
4/12/2000,7.17
4/13/2000,7.15
4/14/2000,7.12
4/17/2000,7.17
4/18/2000,7.19
4/19/2000,7.15
4/20/2000,7.16
4/21/2000,.
4/24/2000,7.15
4/25/2000,7.27
4/26/2000,7.28
4/27/2000,7.39
4/28/2000,7.46
4/30/2000,7.47
5/1/2000,7.49
5/2/2000,7.53
5/3/2000,7.58
5/4/2000,7.62
5/5/2000,7.67
5/8/2000,7.71
5/9/2000,7.68
5/10/2000,7.63
5/11/2000,7.62
5/12/2000,7.7
5/15/2000,7.68
5/16/2000,7.67
5/17/2000,7.71
5/18/2000,7.76
5/19/2000,7.71
5/22/2000,7.65
5/23/2000,7.67
5/24/2000,7.68
5/25/2000,7.62
5/26/2000,7.57
5/29/2000,7.57
5/30/2000,7.62
5/31/2000,7.57
6/1/2000,7.48
6/2/2000,7.43
6/5/2000,7.36
6/6/2000,7.38
6/7/2000,7.37
6/8/2000,7.37
6/9/2000,7.39
6/12/2000,7.36
6/13/2000,7.36
6/14/2000,7.31
6/15/2000,7.32
6/16/2000,7.25
6/19/2000,7.27
6/20/2000,7.3
6/21/2000,7.37
6/22/2000,7.37
6/23/2000,7.42
6/26/2000,7.36
6/27/2000,7.34
6/28/2000,7.35
6/29/2000,7.27
6/30/2000,7.31
7/3/2000,7.27
7/4/2000,7.27
7/5/2000,7.26
7/6/2000,7.31
7/7/2000,7.26
7/10/2000,7.28
7/11/2000,7.29
7/12/2000,7.32
7/13/2000,7.25
7/14/2000,7.34
7/17/2000,7.4
7/18/2000,7.38
7/19/2000,7.38
7/20/2000,7.25
7/21/2000,7.24
7/24/2000,7.27
7/25/2000,7.26
7/26/2000,7.26
7/27/2000,7.21
7/28/2000,7.23
7/31/2000,7.22
8/1/2000,7.18
8/2/2000,7.17
8/3/2000,7.14
8/4/2000,7.09
8/7/2000,7.13
8/8/2000,7.1
8/9/2000,7.1
8/10/2000,7.06
8/11/2000,7.12
8/14/2000,7.09
8/15/2000,7.11
8/16/2000,7.13
8/17/2000,7.13
8/18/2000,7.09
8/21/2000,7.1
8/22/2000,7.09
8/23/2000,7.05
8/24/2000,7.03
8/25/2000,7.03
8/28/2000,7.08
8/29/2000,7.11
8/30/2000,7.1
8/31/2000,7.05
9/1/2000,6.99
9/4/2000,6.99
9/5/2000,6.99
9/6/2000,7.02
9/7/2000,7.04
9/8/2000,7.02
9/11/2000,7.04
9/12/2000,7.05
9/13/2000,7.01
9/14/2000,7.04
9/15/2000,7.04
9/18/2000,7.04
9/19/2000,7.04
9/20/2000,7.07
9/21/2000,7.06
9/22/2000,7.03
9/25/2000,7.03
9/26/2000,7.01
9/27/2000,7.01
9/28/2000,7.01
9/29/2000,6.98
9/30/2000,6.97
10/2/2000,6.98
10/3/2000,7.01
10/4/2000,7.03
10/5/2000,7.01
10/6/2000,6.99
10/9/2000,6.99
10/10/2000,6.97
10/11/2000,6.95
10/12/2000,6.88
10/13/2000,6.88
10/16/2000,6.94
10/17/2000,6.87
10/18/2000,6.89
10/19/2000,6.88
10/20/2000,6.86
10/23/2000,6.83
10/24/2000,6.86
10/25/2000,6.91
10/26/2000,6.91
10/27/2000,6.94
10/30/2000,6.96
10/31/2000,6.98
11/1/2000,6.95
11/2/2000,6.94
11/3/2000,7.01
11/6/2000,7.05
11/7/2000,7.05
11/8/2000,7.05
11/9/2000,7
11/10/2000,6.99
11/13/2000,6.98
11/14/2000,6.98
11/15/2000,6.96
11/16/2000,6.93
11/17/2000,6.95
11/20/2000,6.92
11/21/2000,6.92
11/22/2000,6.88
11/23/2000,6.88
11/24/2000,6.91
11/27/2000,6.91
11/28/2000,6.86
11/29/2000,6.82
11/30/2000,6.74
12/1/2000,6.79
12/4/2000,6.78
12/5/2000,6.71
12/6/2000,6.62
12/7/2000,6.63
12/8/2000,6.65
12/11/2000,6.66
12/12/2000,6.65
12/13/2000,6.52
12/14/2000,6.46
12/15/2000,6.42
12/18/2000,6.4
12/19/2000,6.42
12/20/2000,6.32
12/21/2000,6.26
12/22/2000,6.24
12/25/2000,.
12/26/2000,6.25
12/27/2000,6.3
12/28/2000,6.33
12/29/2000,6.3
12/31/2000,6.3
1/1/2001,.
1/2/2001,6.1
1/3/2001,6.23
1/4/2001,6.1
1/5/2001,5.98
1/8/2001,5.93
1/9/2001,5.99
1/10/2001,6.08
1/11/2001,6.11
1/12/2001,6.23
1/15/2001,6.23
1/16/2001,6.22
1/17/2001,6.16
1/18/2001,6.07
1/19/2001,6.13
1/22/2001,6.17
1/23/2001,6.18
1/24/2001,6.24
1/25/2001,6.19
1/26/2001,6.19
1/29/2001,6.19
1/30/2001,6.09
1/31/2001,5.99
2/1/2001,5.93
2/2/2001,6.02
2/5/2001,6.02
2/6/2001,6.06
2/7/2001,6.04
2/8/2001,6.06
2/9/2001,5.99
2/12/2001,6.01
2/13/2001,6.04
2/14/2001,6.09
2/15/2001,6.15
2/16/2001,6.05
2/19/2001,6.05
2/20/2001,6.05
2/21/2001,6.07
2/22/2001,6.04
2/23/2001,5.96
2/26/2001,5.92
2/27/2001,5.87
2/28/2001,5.82
3/1/2001,5.78
3/2/2001,5.86
3/5/2001,5.87
3/6/2001,5.87
3/7/2001,5.81
3/8/2001,5.79
3/9/2001,5.83
3/12/2001,5.82
3/13/2001,5.83
3/14/2001,5.73
3/15/2001,5.67
3/16/2001,5.65
3/19/2001,5.71
3/20/2001,5.65
3/21/2001,5.62
3/22/2001,5.56
3/23/2001,5.63
3/26/2001,5.67
3/27/2001,5.79
3/28/2001,5.77
3/29/2001,5.75
3/30/2001,5.7
3/31/2001,5.74
4/2/2001,5.76
4/3/2001,5.72
4/4/2001,5.69
4/5/2001,5.74
4/6/2001,5.64
4/9/2001,5.66
4/10/2001,5.8
4/11/2001,5.84
4/12/2001,5.89
4/13/2001,.
4/16/2001,6
4/17/2001,5.92
4/18/2001,5.81
4/19/2001,5.89
4/20/2001,5.88
4/23/2001,5.8
4/24/2001,5.81
4/25/2001,5.82
4/26/2001,5.76
4/27/2001,5.87
4/30/2001,5.88
5/1/2001,5.83
5/2/2001,5.84
5/3/2001,5.77
5/4/2001,5.73
5/7/2001,5.73
5/8/2001,5.72
5/9/2001,5.68
5/10/2001,5.77
5/11/2001,5.96
5/14/2001,5.9
5/15/2001,5.91
5/16/2001,5.88
5/17/2001,5.89
5/18/2001,5.89
5/21/2001,5.89
5/22/2001,5.88
5/23/2001,5.86
5/24/2001,5.93
5/25/2001,5.92
5/28/2001,5.91
5/29/2001,5.93
5/30/2001,5.93
5/31/2001,5.81
6/1/2001,5.8
6/4/2001,5.78
6/5/2001,5.71
6/6/2001,5.7
6/7/2001,5.72
6/8/2001,5.77
6/11/2001,5.72
6/12/2001,5.67
6/13/2001,5.66
6/14/2001,5.61
6/15/2001,5.62
6/18/2001,5.61
6/19/2001,5.63
6/20/2001,5.61
6/21/2001,5.6
6/22/2001,5.54
6/25/2001,5.56
6/26/2001,5.62
6/27/2001,5.67
6/28/2001,5.77
6/29/2001,5.83
6/30/2001,5.85
7/2/2001,5.8
7/3/2001,5.82
7/4/2001,5.82
7/5/2001,5.86
7/6/2001,5.79
7/9/2001,5.77
7/10/2001,5.72
7/11/2001,5.72
7/12/2001,5.7
7/13/2001,5.71
7/16/2001,5.67
7/17/2001,5.67
7/18/2001,5.57
7/19/2001,5.58
7/20/2001,5.58
7/23/2001,5.53
7/24/2001,5.52
7/25/2001,5.57
7/26/2001,5.54
7/27/2001,5.49
7/30/2001,5.46
7/31/2001,5.41
8/1/2001,5.44
8/2/2001,5.49
8/3/2001,5.51
8/6/2001,5.49
8/7/2001,5.5
8/8/2001,5.39
8/9/2001,5.41
8/10/2001,5.38
8/13/2001,5.34
8/14/2001,5.37
8/15/2001,5.41
8/16/2001,5.36
8/17/2001,5.28
8/20/2001,5.34
8/21/2001,5.32
8/22/2001,5.34
8/23/2001,5.31
8/24/2001,5.34
8/27/2001,5.35
8/28/2001,5.27
8/29/2001,5.23
8/30/2001,5.19
8/31/2001,5.25
9/3/2001,5.25
9/4/2001,5.38
9/5/2001,5.36
9/6/2001,5.25
9/7/2001,5.16
9/10/2001,5.18
9/11/2001,.
9/12/2001,.
9/13/2001,.
9/14/2001,4.96
9/17/2001,5.03
9/18/2001,5.16
9/19/2001,4.98
9/20/2001,4.98
9/21/2001,4.96
9/24/2001,4.99
9/25/2001,4.96
9/26/2001,4.88
9/27/2001,4.85
9/28/2001,4.85
9/30/2001,4.9
10/1/2001,4.88
10/2/2001,4.83
10/3/2001,4.83
10/4/2001,4.83
10/5/2001,4.79
10/8/2001,4.78
10/9/2001,4.84
10/10/2001,4.85
10/11/2001,4.92
10/12/2001,4.89
10/15/2001,4.85
10/16/2001,4.83
10/17/2001,4.83
10/18/2001,4.81
10/19/2001,4.85
10/22/2001,4.85
10/23/2001,4.85
10/24/2001,4.8
10/25/2001,4.71
10/26/2001,4.7
10/29/2001,4.65
10/30/2001,4.57
10/31/2001,4.52
11/1/2001,4.52
11/2/2001,4.6
11/5/2001,4.55
11/6/2001,4.5
11/7/2001,4.44
11/8/2001,4.52
11/9/2001,4.55
11/12/2001,4.54
11/13/2001,4.6
11/14/2001,4.73
11/15/2001,4.94
11/16/2001,5.06
11/19/2001,4.92
11/20/2001,4.99
11/21/2001,5.08
11/22/2001,5.08
11/23/2001,5.14
11/26/2001,5.15
11/27/2001,5.06
11/28/2001,5
11/29/2001,4.8
11/30/2001,4.8
12/3/2001,4.77
12/4/2001,4.73
12/5/2001,4.97
12/6/2001,5.05
12/7/2001,5.13
12/10/2001,5.07
12/11/2001,5
12/12/2001,4.94
12/13/2001,5.12
12/14/2001,5.17
12/17/2001,5.2
12/18/2001,5.11
12/19/2001,5.06
12/20/2001,5.08
12/21/2001,5.1
12/24/2001,5.13
12/25/2001,.
12/26/2001,5.18
12/27/2001,5.1
12/28/2001,5.05
12/31/2001,5.04
1/1/2002,.
1/2/2002,5.16
1/3/2002,5.14
1/4/2002,5.13
1/7/2002,5.02
1/8/2002,5.04
1/9/2002,5.01
1/10/2002,4.92
1/11/2002,4.79
1/14/2002,4.81
1/15/2002,4.79
1/16/2002,4.82
1/17/2002,4.91
1/18/2002,4.86
1/21/2002,4.85
1/22/2002,4.88
1/23/2002,4.97
1/24/2002,5.01
1/25/2002,5.04
1/28/2002,5.04
1/29/2002,4.93
1/30/2002,4.99
1/31/2002,5.14
2/1/2002,5.08
2/4/2002,5.01
2/5/2002,5.01
2/6/2002,5.02
2/7/2002,5.03
2/8/2002,4.99
2/11/2002,5
2/12/2002,5.06
2/13/2002,5.1
2/14/2002,5.07
2/15/2002,4.99
2/18/2002,4.98
2/19/2002,4.99
2/20/2002,4.99
2/21/2002,4.98
2/22/2002,4.94
2/25/2002,4.96
2/26/2002,5.02
2/27/2002,4.94
2/28/2002,5.12
3/1/2002,5.21
3/4/2002,5.24
3/5/2002,5.25
3/6/2002,5.25
3/7/2002,5.41
3/8/2002,5.52
3/11/2002,5.51
3/12/2002,5.49
3/13/2002,5.44
3/14/2002,5.56
3/15/2002,5.54
3/18/2002,5.52
3/19/2002,5.52
3/20/2002,5.6
3/21/2002,5.62
3/22/2002,5.64
3/25/2002,5.66
3/26/2002,5.58
3/27/2002,5.57
3/28/2002,5.62
3/29/2002,.
3/31/2002,5.76
4/1/2002,5.77
4/2/2002,5.68
4/3/2002,5.6
4/4/2002,5.61
4/5/2002,5.54
4/8/2002,5.56
4/9/2002,5.53
4/10/2002,5.53
4/11/2002,5.52
4/12/2002,5.48
4/15/2002,5.44
4/16/2002,5.54
4/17/2002,5.56
4/18/2002,5.54
4/19/2002,5.52
4/22/2002,5.5
4/23/2002,5.5
4/24/2002,5.43
4/25/2002,5.41
4/26/2002,5.39
4/29/2002,5.42
4/30/2002,5.43
5/1/2002,5.39
5/2/2002,5.42
5/3/2002,5.35
5/6/2002,5.37
5/7/2002,5.34
5/8/2002,5.47
5/9/2002,5.43
5/10/2002,5.36
5/13/2002,5.44
5/14/2002,5.51
5/15/2002,5.47
5/16/2002,5.4
5/17/2002,5.47
5/20/2002,5.41
5/21/2002,5.36
5/22/2002,5.31
5/23/2002,5.35
5/24/2002,5.35
5/27/2002,5.35
5/28/2002,5.35
5/29/2002,5.33
5/30/2002,5.3
5/31/2002,5.4
6/3/2002,5.37
6/4/2002,5.33
6/5/2002,5.35
6/6/2002,5.32
6/7/2002,5.36
6/10/2002,5.34
6/11/2002,5.28
6/12/2002,5.23
6/13/2002,5.22
6/14/2002,5.12
6/17/2002,5.16
6/18/2002,5.15
6/19/2002,5.04
6/20/2002,5.13
6/21/2002,5.07
6/24/2002,5.13
6/25/2002,5.13
6/26/2002,5.02
6/27/2002,5.11
6/28/2002,5.17
6/30/2002,5.25
7/1/2002,5.21
7/2/2002,5.14
7/3/2002,5.21
7/4/2002,5.2
7/5/2002,5.31
7/8/2002,5.27
7/9/2002,5.19
7/10/2002,5.09
7/11/2002,5.07
7/12/2002,5.04
7/15/2002,5.05
7/16/2002,5.14
7/17/2002,5.16
7/18/2002,5.04
7/19/2002,5
7/22/2002,4.9
7/23/2002,4.86
7/24/2002,4.96
7/25/2002,4.93
7/26/2002,4.91
7/29/2002,5.06
7/30/2002,5.1
7/31/2002,4.99
8/1/2002,4.93
8/2/2002,4.7
8/5/2002,4.66
8/6/2002,4.8
8/7/2002,4.7
8/8/2002,4.79
8/9/2002,4.7
8/12/2002,4.66
8/13/2002,4.58
8/14/2002,4.6
8/15/2002,4.69
8/16/2002,4.79
8/19/2002,4.77
8/20/2002,4.65
8/21/2002,4.66
8/22/2002,4.74
8/23/2002,4.67
8/26/2002,4.66
8/27/2002,4.72
8/28/2002,4.67
8/29/2002,4.62
8/30/2002,4.6
8/31/2002,4.63
9/2/2002,4.63
9/3/2002,4.49
9/4/2002,4.47
9/5/2002,4.42
9/6/2002,4.56
9/9/2002,4.57
9/10/2002,4.54
9/11/2002,4.63
9/12/2002,4.53
9/13/2002,4.48
9/16/2002,4.44
9/17/2002,4.44
9/18/2002,4.42
9/19/2002,4.35
9/20/2002,4.35
9/23/2002,4.28
9/24/2002,4.27
9/25/2002,4.36
9/26/2002,4.37
9/27/2002,4.35
9/30/2002,4.33
10/1/2002,4.41
10/2/2002,4.41
10/3/2002,4.4
10/4/2002,4.43
10/7/2002,4.39
10/8/2002,4.42
10/9/2002,4.36
10/10/2002,4.54
10/11/2002,4.61
10/14/2002,4.6
10/15/2002,4.79
10/16/2002,4.81
10/17/2002,4.89
10/18/2002,4.89
10/21/2002,4.96
10/22/2002,4.98
10/23/2002,4.97
10/24/2002,4.87
10/25/2002,4.81
10/28/2002,4.71
10/29/2002,4.57
10/30/2002,4.57
10/31/2002,4.46
11/1/2002,4.52
11/4/2002,4.57
11/5/2002,4.6
11/6/2002,4.56
11/7/2002,4.45
11/8/2002,4.43
11/11/2002,4.42
11/12/2002,4.33
11/13/2002,4.32
11/14/2002,4.47
11/15/2002,4.48
11/18/2002,4.45
11/19/2002,4.41
11/20/2002,4.5
11/21/2002,4.56
11/22/2002,4.59
11/25/2002,4.58
11/26/2002,4.49
11/27/2002,4.61
11/28/2002,4.61
11/29/2002,4.59
11/30/2002,4.62
12/2/2002,4.63
12/3/2002,4.64
12/4/2002,4.6
12/5/2002,4.55
12/6/2002,4.51
12/9/2002,4.46
12/10/2002,4.45
12/11/2002,4.41
12/12/2002,4.41
12/13/2002,4.46
12/16/2002,4.49
12/17/2002,4.47
12/18/2002,4.4
12/19/2002,4.31
12/20/2002,4.31
12/23/2002,4.32
12/24/2002,4.28
12/25/2002,.
12/26/2002,4.26
12/27/2002,4.17
12/30/2002,4.14
12/31/2002,4.23
1/1/2003,.
1/2/2003,4.41
1/3/2003,4.41
1/6/2003,4.43
1/7/2003,4.37
1/8/2003,4.31
1/9/2003,4.46
1/10/2003,4.45
1/13/2003,4.41
1/14/2003,4.36
1/15/2003,4.35
1/16/2003,4.35
1/17/2003,4.28
1/20/2003,4.27
1/21/2003,4.28
1/22/2003,4.24
1/23/2003,4.26
1/24/2003,4.21
1/27/2003,4.27
1/28/2003,4.28
1/29/2003,4.32
1/30/2003,4.27
1/31/2003,4.33
2/3/2003,4.32
2/4/2003,4.26
2/5/2003,4.32
2/6/2003,4.24
2/7/2003,4.21
2/10/2003,4.26
2/11/2003,4.23
2/12/2003,4.22
2/13/2003,4.17
2/14/2003,4.24
2/17/2003,4.23
2/18/2003,4.22
2/19/2003,4.16
2/20/2003,4.13
2/21/2003,4.16
2/24/2003,4.12
2/25/2003,4.08
2/26/2003,4.06
2/27/2003,4.05
2/28/2003,4.02
3/3/2003,3.99
3/4/2003,3.96
3/5/2003,3.94
3/6/2003,3.95
3/7/2003,3.91
3/10/2003,3.88
3/11/2003,3.9
3/12/2003,3.92
3/13/2003,4.06
3/14/2003,4.02
3/17/2003,4.08
3/18/2003,4.16
3/19/2003,4.21
3/20/2003,4.23
3/21/2003,4.3
3/24/2003,4.19
3/25/2003,4.18
3/26/2003,4.16
3/27/2003,4.14
3/28/2003,4.09
3/31/2003,4.06
4/1/2003,4.04
4/2/2003,4.13
4/3/2003,4.11
4/4/2003,4.11
4/7/2003,4.18
4/8/2003,4.11
4/9/2003,4.07
4/10/2003,4.1
4/11/2003,4.14
4/14/2003,4.18
4/15/2003,4.15
4/16/2003,4.11
4/17/2003,4.12
4/18/2003,.
4/21/2003,4.12
4/22/2003,4.11
4/23/2003,4.12
4/24/2003,4.02
4/25/2003,3.99
4/28/2003,4
4/29/2003,4.03
4/30/2003,3.98
5/1/2003,3.96
5/2/2003,4.01
5/5/2003,3.98
5/6/2003,3.92
5/7/2003,3.82
5/8/2003,3.83
5/9/2003,3.84
5/12/2003,3.8
5/13/2003,3.79
5/14/2003,3.72
5/15/2003,3.76
5/16/2003,3.69
5/19/2003,3.66
5/20/2003,3.6
5/21/2003,3.65
5/22/2003,3.6
5/23/2003,3.6
5/26/2003,3.59
5/27/2003,3.62
5/28/2003,3.63
5/29/2003,3.56
5/30/2003,3.58
5/31/2003,3.6
6/2/2003,3.65
6/3/2003,3.57
6/4/2003,3.53
6/5/2003,3.57
6/6/2003,3.58
6/9/2003,3.5
6/10/2003,3.42
6/11/2003,3.43
6/12/2003,3.4
6/13/2003,3.35
6/16/2003,3.41
6/17/2003,3.48
6/18/2003,3.55
6/19/2003,3.51
6/20/2003,3.56
6/23/2003,3.48
6/24/2003,3.45
6/25/2003,3.55
6/26/2003,3.69
6/27/2003,3.7
6/30/2003,3.67
7/1/2003,3.69
7/2/2003,3.66
7/3/2003,3.74
7/4/2003,3.73
7/7/2003,3.78
7/8/2003,3.8
7/9/2003,3.78
7/10/2003,3.75
7/11/2003,3.71
7/14/2003,3.77
7/15/2003,3.92
7/16/2003,3.96
7/17/2003,3.96
7/18/2003,3.98
7/21/2003,4.13
7/22/2003,4.1
7/23/2003,4.06
7/24/2003,4.1
7/25/2003,4.1
7/28/2003,4.19
7/29/2003,4.28
7/30/2003,4.24
7/31/2003,4.4
8/1/2003,4.37
8/4/2003,4.31
8/5/2003,4.41
8/6/2003,4.3
8/7/2003,4.26
8/8/2003,4.24
8/11/2003,4.3
8/12/2003,4.27
8/13/2003,4.45
8/14/2003,4.5
8/15/2003,4.44
8/18/2003,4.4
8/19/2003,4.31
8/20/2003,4.35
8/21/2003,4.44
8/22/2003,4.39
8/25/2003,4.45
8/26/2003,4.41
8/27/2003,4.46
8/28/2003,4.35
8/29/2003,4.37
8/31/2003,4.34
9/1/2003,4.34
9/2/2003,4.44
9/3/2003,4.44
9/4/2003,4.35
9/5/2003,4.19
9/8/2003,4.23
9/9/2003,4.2
9/10/2003,4.12
9/11/2003,4.17
9/12/2003,4.11
9/15/2003,4.05
9/16/2003,4.08
9/17/2003,4.02
9/18/2003,4.03
9/19/2003,4.03
9/22/2003,4.06
9/23/2003,4.04
9/24/2003,3.98
9/25/2003,3.97
9/26/2003,3.9
9/29/2003,3.93
9/30/2003,3.82
10/1/2003,3.8
10/2/2003,3.86
10/3/2003,4.03
10/6/2003,3.98
10/7/2003,4.05
10/8/2003,4.04
10/9/2003,4.08
10/10/2003,4.03
10/13/2003,4.03
10/14/2003,4.1
10/15/2003,4.15
10/16/2003,4.24
10/17/2003,4.17
10/20/2003,4.15
10/21/2003,4.14
10/22/2003,4.08
10/23/2003,4.11
10/24/2003,4.01
10/27/2003,4.07
10/28/2003,3.98
10/29/2003,4.06
10/30/2003,4.12
10/31/2003,4.1
11/3/2003,4.15
11/4/2003,4.11
11/5/2003,4.17
11/6/2003,4.21
11/7/2003,4.25
11/10/2003,4.26
11/11/2003,4.26
11/12/2003,4.22
11/13/2003,4.09
11/14/2003,4.03
11/17/2003,3.97
11/18/2003,3.97
11/19/2003,4.03
11/20/2003,3.97
11/21/2003,3.96
11/24/2003,4.03
11/25/2003,4
11/26/2003,4.06
11/27/2003,4.05
11/28/2003,4.13
11/30/2003,4.18
12/1/2003,4.23
12/2/2003,4.21
12/3/2003,4.23
12/4/2003,4.2
12/5/2003,4.05
12/8/2003,4.1
12/9/2003,4.16
12/10/2003,4.12
12/11/2003,4.04
12/12/2003,4.05
12/15/2003,4.06
12/16/2003,4.02
12/17/2003,3.99
12/18/2003,3.97
12/19/2003,3.96
12/22/2003,3.98
12/23/2003,4.06
12/24/2003,3.99
12/25/2003,.
12/26/2003,3.95
12/29/2003,4
12/30/2003,4.03
12/31/2003,4.04
1/1/2004,.
1/2/2004,4.14
1/5/2004,4.14
1/6/2004,4.05
1/7/2004,4.02
1/8/2004,4.02
1/9/2004,3.88
1/12/2004,3.86
1/13/2004,3.82
1/14/2004,3.8
1/15/2004,3.8
1/16/2004,3.83
1/19/2004,3.82
1/20/2004,3.85
1/21/2004,3.83
1/22/2004,3.78
1/23/2004,3.86
1/26/2004,3.91
1/27/2004,3.87
1/28/2004,3.98
1/29/2004,3.98
1/30/2004,3.94
1/31/2004,3.98
2/2/2004,3.98
2/3/2004,3.93
2/4/2004,3.96
2/5/2004,4.01
2/6/2004,3.93
2/9/2004,3.9
2/10/2004,3.94
2/11/2004,3.87
2/12/2004,3.9
2/13/2004,3.86
2/16/2004,3.85
2/17/2004,3.85
2/18/2004,3.86
2/19/2004,3.86
2/20/2004,3.9
2/23/2004,3.85
2/24/2004,3.84
2/25/2004,3.83
2/26/2004,3.85
2/27/2004,3.8
2/29/2004,3.83
3/1/2004,3.83
3/2/2004,3.87
3/3/2004,3.89
3/4/2004,3.86
3/5/2004,3.69
3/8/2004,3.64
3/9/2004,3.6
3/10/2004,3.62
3/11/2004,3.63
3/12/2004,3.64
3/15/2004,3.64
3/16/2004,3.57
3/17/2004,3.58
3/18/2004,3.63
3/19/2004,3.65
3/22/2004,3.6
3/23/2004,3.59
3/24/2004,3.59
3/25/2004,3.6
3/26/2004,3.68
3/29/2004,3.71
3/30/2004,3.72
3/31/2004,3.66
4/1/2004,3.71
4/2/2004,3.92
4/5/2004,3.99
4/6/2004,3.95
4/7/2004,3.95
4/8/2004,3.97
4/9/2004,.
4/12/2004,3.99
4/13/2004,4.08
4/14/2004,4.14
4/15/2004,4.17
4/16/2004,4.12
4/19/2004,4.14
4/20/2004,4.19
4/21/2004,4.21
4/22/2004,4.15
4/23/2004,4.25
4/26/2004,4.23
4/27/2004,4.19
4/28/2004,4.27
4/29/2004,4.33
4/30/2004,4.34
5/3/2004,4.33
5/4/2004,4.35
5/5/2004,4.41
5/6/2004,4.44
5/7/2004,4.63
5/10/2004,4.63
5/11/2004,4.62
5/12/2004,4.64
5/13/2004,4.7
5/14/2004,4.63
5/17/2004,4.55
5/18/2004,4.59
5/19/2004,4.64
5/20/2004,4.57
5/21/2004,4.61
5/24/2004,4.59
5/25/2004,4.58
5/26/2004,4.53
5/27/2004,4.46
5/28/2004,4.54
5/31/2004,4.57
6/1/2004,4.6
6/2/2004,4.64
6/3/2004,4.63
6/4/2004,4.7
6/7/2004,4.68
6/8/2004,4.68
6/9/2004,4.72
6/10/2004,4.72
6/11/2004,4.71
6/14/2004,4.8
6/15/2004,4.64
6/16/2004,4.67
6/17/2004,4.64
6/18/2004,4.66
6/21/2004,4.63
6/22/2004,4.64
6/23/2004,4.63
6/24/2004,4.58
6/25/2004,4.59
6/28/2004,4.67
6/29/2004,4.64
6/30/2004,4.6
7/1/2004,4.55
7/2/2004,4.45
7/5/2004,4.45
7/6/2004,4.46
7/7/2004,4.46
7/8/2004,4.45
7/9/2004,4.44
7/12/2004,4.43
7/13/2004,4.46
7/14/2004,4.48
7/15/2004,4.48
7/16/2004,4.36
7/19/2004,4.36
7/20/2004,4.45
7/21/2004,4.49
7/22/2004,4.47
7/23/2004,4.46
7/26/2004,4.49
7/27/2004,4.58
7/28/2004,4.57
7/29/2004,4.55
7/30/2004,4.46
7/31/2004,4.49
8/2/2004,4.46
8/3/2004,4.44
8/4/2004,4.44
8/5/2004,4.42
8/6/2004,4.22
8/9/2004,4.25
8/10/2004,4.3
8/11/2004,4.3
8/12/2004,4.27
8/13/2004,4.22
8/16/2004,4.25
8/17/2004,4.2
8/18/2004,4.22
8/19/2004,4.2
8/20/2004,4.22
8/23/2004,4.25
8/24/2004,4.25
8/25/2004,4.24
8/26/2004,4.21
8/27/2004,4.21
8/30/2004,4.17
8/31/2004,4.14
9/1/2004,4.13
9/2/2004,4.18
9/3/2004,4.29
9/6/2004,4.28
9/7/2004,4.25
9/8/2004,4.18
9/9/2004,4.2
9/10/2004,4.18
9/13/2004,4.16
9/14/2004,4.13
9/15/2004,4.16
9/16/2004,4.08
9/17/2004,4.13
9/20/2004,4.07
9/21/2004,4.07
9/22/2004,4.04
9/23/2004,4.08
9/24/2004,4.1
9/27/2004,4.07
9/28/2004,4.07
9/29/2004,4.14
9/30/2004,4.18
10/1/2004,4.22
10/4/2004,4.2
10/5/2004,4.19
10/6/2004,4.24
10/7/2004,4.26
10/8/2004,4.16
10/11/2004,4.16
10/12/2004,4.12
10/13/2004,4.1
10/14/2004,4.05
10/15/2004,4.09
10/18/2004,4.08
10/19/2004,4.08
10/20/2004,4.06
10/21/2004,4.07
10/22/2004,4.06
10/25/2004,4.04
10/26/2004,4.05
10/27/2004,4.14
10/28/2004,4.13
10/29/2004,4.08
10/31/2004,4.1
11/1/2004,4.15
11/2/2004,4.14
11/3/2004,4.13
11/4/2004,4.14
11/5/2004,4.27
11/8/2004,4.3
11/9/2004,4.3
11/10/2004,4.34
11/11/2004,4.34
11/12/2004,4.3
11/15/2004,4.3
11/16/2004,4.31
11/17/2004,4.26
11/18/2004,4.25
11/19/2004,4.32
11/22/2004,4.3
11/23/2004,4.32
11/24/2004,4.34
11/25/2004,4.35
11/26/2004,4.37
11/29/2004,4.43
11/30/2004,4.42
12/1/2004,4.43
12/2/2004,4.45
12/3/2004,4.35
12/6/2004,4.32
12/7/2004,4.32
12/8/2004,4.25
12/9/2004,4.27
12/10/2004,4.26
12/13/2004,4.27
12/14/2004,4.26
12/15/2004,4.22
12/16/2004,4.29
12/17/2004,4.32
12/20/2004,4.31
12/21/2004,4.29
12/22/2004,4.31
12/23/2004,4.31
12/24/2004,.
12/27/2004,4.37
12/28/2004,4.37
12/29/2004,4.4
12/30/2004,4.36
12/31/2004,4.29
1/3/2005,4.29
1/4/2005,4.36
1/5/2005,4.37
1/6/2005,4.36
1/7/2005,4.38
1/10/2005,4.38
1/11/2005,4.36
1/12/2005,4.35
1/13/2005,4.31
1/14/2005,4.35
1/17/2005,4.34
1/18/2005,4.34
1/19/2005,4.34
1/20/2005,4.31
1/21/2005,4.28
1/24/2005,4.28
1/25/2005,4.33
1/26/2005,4.34
1/27/2005,4.35
1/28/2005,4.3
1/31/2005,4.34
2/1/2005,4.34
2/2/2005,4.35
2/3/2005,4.37
2/4/2005,4.3
2/7/2005,4.29
2/8/2005,4.29
2/9/2005,4.24
2/10/2005,4.29
2/11/2005,4.33
2/14/2005,4.32
2/15/2005,4.34
2/16/2005,4.39
2/17/2005,4.4
2/18/2005,4.45
2/21/2005,4.45
2/22/2005,4.47
2/23/2005,4.46
2/24/2005,4.48
2/25/2005,4.48
2/28/2005,4.57
3/1/2005,4.57
3/2/2005,4.57
3/3/2005,4.58
3/4/2005,4.53
3/7/2005,4.53
3/8/2005,4.58
3/9/2005,4.67
3/10/2005,4.65
3/11/2005,4.72
3/14/2005,4.71
3/15/2005,4.72
3/16/2005,4.72
3/17/2005,4.68
3/18/2005,4.71
3/21/2005,4.72
3/22/2005,4.8
3/23/2005,4.83
3/24/2005,4.83
3/25/2005,.
3/28/2005,4.86
3/29/2005,4.83
3/30/2005,4.81
3/31/2005,4.82
4/1/2005,4.77
4/4/2005,4.79
4/5/2005,4.79
4/6/2005,4.76
4/7/2005,4.8
4/8/2005,4.82
4/11/2005,4.8
4/12/2005,4.73
4/13/2005,4.73
4/14/2005,4.7
4/15/2005,4.64
4/18/2005,4.62
4/19/2005,4.57
4/20/2005,4.58
4/21/2005,4.68
4/22/2005,4.64
4/25/2005,4.65
4/26/2005,4.66
4/27/2005,4.63
4/28/2005,4.57
4/29/2005,4.62
4/30/2005,4.62
5/2/2005,4.61
5/3/2005,4.63
5/4/2005,4.61
5/5/2005,4.57
5/6/2005,4.69
5/9/2005,4.71
5/10/2005,4.65
5/11/2005,4.64
5/12/2005,4.62
5/13/2005,4.58
5/16/2005,4.57
5/17/2005,4.57
5/18/2005,4.53
5/19/2005,4.58
5/20/2005,4.6
5/23/2005,4.55
5/24/2005,4.52
5/25/2005,4.54
5/26/2005,4.56
5/27/2005,4.56
5/30/2005,4.56
5/31/2005,4.49
6/1/2005,4.38
6/2/2005,4.38
6/3/2005,4.46
6/6/2005,4.44
6/7/2005,4.4
6/8/2005,4.44
6/9/2005,4.48
6/10/2005,4.55
6/13/2005,4.57
6/14/2005,4.6
6/15/2005,4.59
6/16/2005,4.56
6/17/2005,4.57
6/20/2005,4.58
6/21/2005,4.54
6/22/2005,4.44
6/23/2005,4.46
6/24/2005,4.42
6/27/2005,4.4
6/28/2005,4.47
6/29/2005,4.49
6/30/2005,4.47
7/1/2005,4.56
7/4/2005,4.56
7/5/2005,4.61
7/6/2005,4.58
7/7/2005,4.55
7/8/2005,4.62
7/11/2005,4.61
7/12/2005,4.65
7/13/2005,4.66
7/14/2005,4.67
7/15/2005,4.67
7/18/2005,4.7
7/19/2005,4.67
7/20/2005,4.66
7/21/2005,4.74
7/22/2005,4.7
7/25/2005,4.73
7/26/2005,4.73
7/27/2005,4.76
7/28/2005,4.71
7/29/2005,4.79
7/31/2005,4.79
8/1/2005,4.82
8/2/2005,4.83
8/3/2005,4.8
8/4/2005,4.82
8/5/2005,4.89
8/8/2005,4.92
8/9/2005,4.9
8/10/2005,4.9
8/11/2005,4.85
8/12/2005,4.78
8/15/2005,4.8
8/16/2005,4.76
8/17/2005,4.79
8/18/2005,4.74
8/19/2005,4.74
8/22/2005,4.74
8/23/2005,4.72
8/24/2005,4.71
8/25/2005,4.7
8/26/2005,4.74
8/29/2005,4.73
8/30/2005,4.64
8/31/2005,4.57
9/1/2005,4.52
9/2/2005,4.54
9/5/2005,4.53
9/6/2005,4.58
9/7/2005,4.63
9/8/2005,4.65
9/9/2005,4.64
9/12/2005,4.68
9/13/2005,4.64
9/14/2005,4.67
9/15/2005,4.7
9/16/2005,4.74
9/19/2005,4.72
9/20/2005,4.75
9/21/2005,4.71
9/22/2005,4.69
9/23/2005,4.76
9/26/2005,4.8
9/27/2005,4.82
9/28/2005,4.8
9/29/2005,4.82
9/30/2005,4.88
10/3/2005,4.92
10/4/2005,4.92
10/5/2005,4.91
10/6/2005,4.9
10/7/2005,4.9
10/10/2005,4.9
10/11/2005,4.92
10/12/2005,4.97
10/13/2005,4.99
10/14/2005,5.01
10/17/2005,5.01
10/18/2005,5
10/19/2005,4.98
10/20/2005,4.99
10/21/2005,4.93
10/24/2005,4.98
10/25/2005,5.04
10/26/2005,5.12
10/27/2005,5.09
10/28/2005,5.11
10/31/2005,5.11
11/1/2005,5.13
11/2/2005,5.15
11/3/2005,5.19
11/4/2005,5.2
11/7/2005,5.19
11/8/2005,5.14
11/9/2005,5.2
11/10/2005,5.14
11/11/2005,5.14
11/14/2005,5.19
11/15/2005,5.15
11/16/2005,5.09
11/17/2005,5.05
11/18/2005,5.09
11/21/2005,5.06
11/22/2005,5.01
11/23/2005,5.05
11/24/2005,5.06
11/25/2005,5.02
11/28/2005,5
11/29/2005,5.08
11/30/2005,5.11
12/1/2005,5.14
12/2/2005,5.14
12/5/2005,5.17
12/6/2005,5.11
12/7/2005,5.12
12/8/2005,5.07
12/9/2005,5.14
12/12/2005,5.15
12/13/2005,5.14
12/14/2005,5.06
12/15/2005,5.07
12/16/2005,5.06
12/19/2005,5.07
12/20/2005,5.09
12/21/2005,5.11
12/22/2005,5.07
12/23/2005,5.03
12/26/2005,.
12/27/2005,5
12/28/2005,5.03
12/29/2005,5.03
12/30/2005,5.06
12/31/2005,5.05
1/2/2006,.
1/3/2006,5.01
1/4/2006,4.99
1/5/2006,4.99
1/6/2006,5.02
1/9/2006,5.02
1/10/2006,5.06
1/11/2006,5.09
1/12/2006,5.05
1/13/2006,5
1/16/2006,5
1/17/2006,4.98
1/18/2006,4.99
1/19/2006,5.03
1/20/2006,5.01
1/23/2006,5
1/24/2006,5.03
1/25/2006,5.1
1/26/2006,5.14
1/27/2006,5.13
1/30/2006,5.16
1/31/2006,5.16
2/1/2006,5.2
2/2/2006,5.2
2/3/2006,5.19
2/6/2006,5.2
2/7/2006,5.21
2/8/2006,5.24
2/9/2006,5.24
2/10/2006,5.27
2/13/2006,5.26
2/14/2006,5.28
2/15/2006,5.28
2/16/2006,5.27
2/17/2006,5.23
2/20/2006,5.23
2/21/2006,5.26
2/22/2006,5.24
2/23/2006,5.28
2/24/2006,5.27
2/27/2006,5.29
2/28/2006,5.25
3/1/2006,5.28
3/2/2006,5.31
3/3/2006,5.35
3/6/2006,5.39
3/7/2006,5.39
3/8/2006,5.38
3/9/2006,5.37
3/10/2006,5.39
3/13/2006,5.41
3/14/2006,5.33
3/15/2006,5.34
3/16/2006,5.27
3/17/2006,5.29
3/20/2006,5.27
3/21/2006,5.34
3/22/2006,5.34
3/23/2006,5.37
3/24/2006,5.31
3/27/2006,5.34
3/28/2006,5.41
3/29/2006,5.43
3/30/2006,5.47
3/31/2006,5.48
4/3/2006,5.5
4/4/2006,5.48
4/5/2006,5.45
4/6/2006,5.49
4/7/2006,5.55
4/10/2006,5.55
4/11/2006,5.52
4/12/2006,5.56
4/13/2006,5.61
4/14/2006,.
4/17/2006,5.58
4/18/2006,5.54
4/19/2006,5.57
4/20/2006,5.58
4/21/2006,5.58
4/24/2006,5.55
4/25/2006,5.62
4/26/2006,5.66
4/27/2006,5.61
4/28/2006,5.58
4/30/2006,5.59
5/1/2006,5.64
5/2/2006,5.63
5/3/2006,5.66
5/4/2006,5.67
5/5/2006,5.64
5/8/2006,5.65
5/9/2006,5.66
5/10/2006,5.67
5/11/2006,5.68
5/12/2006,5.71
5/15/2006,5.68
5/16/2006,5.64
5/17/2006,5.69
5/18/2006,5.63
5/19/2006,5.63
5/22/2006,5.61
5/23/2006,5.64
5/24/2006,5.61
5/25/2006,5.64
5/26/2006,5.62
5/29/2006,5.62
5/30/2006,5.65
5/31/2006,5.7
6/1/2006,5.69
6/2/2006,5.58
6/5/2006,5.62
6/6/2006,5.61
6/7/2006,5.64
6/8/2006,5.62
6/9/2006,5.62
6/12/2006,5.63
6/13/2006,5.61
6/14/2006,5.7
6/15/2006,5.74
6/16/2006,5.76
6/19/2006,5.79
6/20/2006,5.8
6/21/2006,5.8
6/22/2006,5.84
6/23/2006,5.86
6/26/2006,5.88
6/27/2006,5.85
6/28/2006,5.89
6/29/2006,5.83
6/30/2006,5.78
7/3/2006,5.79
7/4/2006,5.79
7/5/2006,5.86
7/6/2006,5.82
7/7/2006,5.78
7/10/2006,5.77
7/11/2006,5.75
7/12/2006,5.75
7/13/2006,5.72
7/14/2006,5.7
7/17/2006,5.71
7/18/2006,5.77
7/19/2006,5.7
7/20/2006,5.67
7/21/2006,5.68
7/24/2006,5.68
7/25/2006,5.71
7/26/2006,5.67
7/27/2006,5.67
7/28/2006,5.62
7/31/2006,5.61
8/1/2006,5.6
8/2/2006,5.59
8/3/2006,5.59
8/4/2006,5.54
8/7/2006,5.56
8/8/2006,5.55
8/9/2006,5.55
8/10/2006,5.56
8/11/2006,5.61
8/14/2006,5.64
8/15/2006,5.57
8/16/2006,5.51
8/17/2006,5.51
8/18/2006,5.48
8/21/2006,5.46
8/22/2006,5.46
8/23/2006,5.47
8/24/2006,5.47
8/25/2006,5.45
8/28/2006,5.46
8/29/2006,5.45
8/30/2006,5.42
8/31/2006,5.39
9/1/2006,5.37
9/4/2006,5.38
9/5/2006,5.42
9/6/2006,5.44
9/7/2006,5.43
9/8/2006,5.4
9/11/2006,5.44
9/12/2006,5.41
9/13/2006,5.4
9/14/2006,5.43
9/15/2006,5.44
9/18/2006,5.46
9/19/2006,5.39
9/20/2006,5.38
9/21/2006,5.3
9/22/2006,5.26
9/25/2006,5.22
9/26/2006,5.25
9/27/2006,5.25
9/28/2006,5.28
9/29/2006,5.29
9/30/2006,5.28
10/2/2006,5.26
10/3/2006,5.26
10/4/2006,5.2
10/5/2006,5.25
10/6/2006,5.34
10/9/2006,5.34
10/10/2006,5.39
10/11/2006,5.43
10/12/2006,5.42
10/13/2006,5.45
10/16/2006,5.43
10/17/2006,5.42
10/18/2006,5.41
10/19/2006,5.43
10/20/2006,5.43
10/23/2006,5.47
10/24/2006,5.48
10/25/2006,5.43
10/26/2006,5.37
10/27/2006,5.33
10/30/2006,5.33
10/31/2006,5.26
11/1/2006,5.21
11/2/2006,5.24
11/3/2006,5.36
11/6/2006,5.36
11/7/2006,5.31
11/8/2006,5.28
11/9/2006,5.28
11/10/2006,5.25
11/13/2006,5.27
11/14/2006,5.24
11/15/2006,5.29
11/16/2006,5.33
11/17/2006,5.27
11/20/2006,5.26
11/21/2006,5.25
11/22/2006,5.24
11/23/2006,5.24
11/24/2006,5.22
11/27/2006,5.21
11/28/2006,5.18
11/29/2006,5.19
11/30/2006,5.12
12/1/2006,5.07
12/4/2006,5.06
12/5/2006,5.06
12/6/2006,5.11
12/7/2006,5.11
12/8/2006,5.18
12/11/2006,5.16
12/12/2006,5.13
12/13/2006,5.21
12/14/2006,5.24
12/15/2006,5.24
12/18/2006,5.23
12/19/2006,5.24
12/20/2006,5.23
12/21/2006,5.18
12/22/2006,5.25
12/25/2006,.
12/26/2006,5.24
12/27/2006,5.29
12/28/2006,5.32
12/29/2006,5.33
12/31/2006,5.34
1/1/2007,.
1/2/2007,5.32
1/3/2007,5.29
1/4/2007,5.24
1/5/2007,5.27
1/8/2007,5.28
1/9/2007,5.28
1/10/2007,5.3
1/11/2007,5.35
1/12/2007,5.38
1/15/2007,5.38
1/16/2007,5.37
1/17/2007,5.4
1/18/2007,5.38
1/19/2007,5.4
1/22/2007,5.39
1/23/2007,5.42
1/24/2007,5.43
1/25/2007,5.47
1/26/2007,5.49
1/29/2007,5.49
1/30/2007,5.48
1/31/2007,5.44
2/1/2007,5.45
2/2/2007,5.44
2/5/2007,5.42
2/6/2007,5.38
2/7/2007,5.36
2/8/2007,5.35
2/9/2007,5.4
2/12/2007,5.42
2/13/2007,5.43
2/14/2007,5.35
2/15/2007,5.32
2/16/2007,5.31
2/19/2007,5.3
2/20/2007,5.3
2/21/2007,5.31
2/22/2007,5.35
2/23/2007,5.3
2/26/2007,5.2
2/27/2007,5.09
2/28/2007,5.18
3/1/2007,5.18
3/2/2007,5.14
3/5/2007,5.15
3/6/2007,5.17
3/7/2007,5.14
3/8/2007,5.15
3/9/2007,5.23
3/12/2007,5.2
3/13/2007,5.14
3/14/2007,5.15
3/15/2007,5.18
3/16/2007,5.19
3/19/2007,5.22
3/20/2007,5.2
3/21/2007,5.16
3/22/2007,5.21
3/23/2007,5.24
3/26/2007,5.21
3/27/2007,5.23
3/28/2007,5.22
3/29/2007,5.24
3/30/2007,5.26
3/31/2007,5.26
4/2/2007,5.25
4/3/2007,5.28
4/4/2007,5.26
4/5/2007,5.28
4/6/2007,.
4/9/2007,5.36
4/10/2007,5.34
4/11/2007,5.35
4/12/2007,5.35
4/13/2007,5.38
4/16/2007,5.36
4/17/2007,5.31
4/18/2007,5.27
4/19/2007,5.28
4/20/2007,5.28
4/23/2007,5.26
4/24/2007,5.23
4/25/2007,5.25
4/26/2007,5.29
4/27/2007,5.3
4/30/2007,5.25
5/1/2007,5.25
5/2/2007,5.27
5/3/2007,5.3
5/4/2007,5.27
5/7/2007,5.27
5/8/2007,5.27
5/9/2007,5.31
5/10/2007,5.28
5/11/2007,5.3
5/14/2007,5.32
5/15/2007,5.34
5/16/2007,5.34
5/17/2007,5.38
5/18/2007,5.42
5/21/2007,5.41
5/22/2007,5.45
5/23/2007,5.47
5/24/2007,5.47
5/25/2007,5.48
5/28/2007,.
5/29/2007,5.51
5/30/2007,5.52
5/31/2007,5.54
6/1/2007,5.6
6/4/2007,5.58
6/5/2007,5.62
6/6/2007,5.61
6/7/2007,5.71
6/8/2007,5.72
6/11/2007,5.73
6/12/2007,5.82
6/13/2007,5.79
6/14/2007,5.81
6/15/2007,5.76
6/18/2007,5.74
6/19/2007,5.69
6/20/2007,5.72
6/21/2007,5.74
6/22/2007,5.71
6/25/2007,5.65
6/26/2007,5.69
6/27/2007,5.65
6/28/2007,5.71
6/29/2007,5.63
6/30/2007,5.65
7/2/2007,5.62
7/3/2007,5.67
7/4/2007,5.67
7/5/2007,5.76
7/6/2007,5.8
7/9/2007,5.77
7/10/2007,5.67
7/11/2007,5.7
7/12/2007,5.74
7/13/2007,5.73
7/16/2007,5.67
7/17/2007,5.71
7/18/2007,5.65
7/19/2007,5.67
7/20/2007,5.62
7/23/2007,5.64
7/24/2007,5.61
7/25/2007,5.58
7/26/2007,5.46
7/27/2007,5.5
7/30/2007,5.52
7/31/2007,5.5
8/1/2007,5.49
8/2/2007,5.5
8/3/2007,5.46
8/6/2007,5.49
8/7/2007,5.52
8/8/2007,5.62
8/9/2007,5.54
8/10/2007,5.52
8/13/2007,5.52
8/14/2007,5.48
8/15/2007,5.43
8/16/2007,5.31
8/17/2007,5.38
8/20/2007,5.34
8/21/2007,5.28
8/22/2007,5.35
8/23/2007,5.37
8/24/2007,5.42
8/27/2007,5.38
8/28/2007,5.29
8/29/2007,5.32
8/30/2007,5.28
8/31/2007,5.33
9/3/2007,5.33
9/4/2007,5.34
9/5/2007,5.24
9/6/2007,5.34
9/7/2007,5.22
9/10/2007,5.19
9/11/2007,5.25
9/12/2007,5.29
9/13/2007,5.37
9/14/2007,5.35
9/17/2007,5.37
9/18/2007,5.34
9/19/2007,5.36
9/20/2007,5.47
9/21/2007,5.41
9/24/2007,5.41
9/25/2007,5.38
9/26/2007,5.37
9/27/2007,5.33
9/28/2007,5.33
9/30/2007,5.33
10/1/2007,5.32
10/2/2007,5.3
10/3/2007,5.3
10/4/2007,5.29
10/5/2007,5.39
10/8/2007,5.39
10/9/2007,5.41
10/10/2007,5.41
10/11/2007,5.41
10/12/2007,5.44
10/15/2007,5.43
10/16/2007,5.4
10/17/2007,5.29
10/18/2007,5.24
10/19/2007,5.15
10/22/2007,5.16
10/23/2007,5.16
10/24/2007,5.08
10/25/2007,5.1
10/26/2007,5.13
10/29/2007,5.14
10/30/2007,5.15
10/31/2007,5.25
11/1/2007,5.15
11/2/2007,5.07
11/5/2007,5.09
11/6/2007,5.11
11/7/2007,5.07
11/8/2007,5
11/9/2007,4.97
11/12/2007,4.97
11/13/2007,5.04
11/14/2007,5.05
11/15/2007,4.92
11/16/2007,4.92
11/19/2007,4.84
11/20/2007,4.8
11/21/2007,4.76
11/22/2007,4.76
11/23/2007,4.78
11/26/2007,4.65
11/27/2007,4.74
11/28/2007,4.84
11/29/2007,4.78
11/30/2007,4.78
12/3/2007,4.69
12/4/2007,4.7
12/5/2007,4.71
12/6/2007,4.8
12/7/2007,4.92
12/10/2007,4.95
12/11/2007,4.79
12/12/2007,4.88
12/13/2007,4.97
12/14/2007,5.04
12/17/2007,5
12/18/2007,4.93
12/19/2007,4.89
12/20/2007,4.85
12/21/2007,4.98
12/24/2007,5.03
12/25/2007,.
12/26/2007,5.1
12/27/2007,5.02
12/28/2007,4.92
12/31/2007,4.88
1/1/2008,.
1/2/2008,4.73
1/3/2008,4.72
1/4/2008,4.67
1/7/2008,4.65
1/8/2008,4.71
1/9/2008,4.67
1/10/2008,4.73
1/11/2008,4.66
1/14/2008,4.63
1/15/2008,4.56
1/16/2008,4.57
1/17/2008,4.52
1/18/2008,4.5
1/21/2008,4.5
1/22/2008,4.36
1/23/2008,4.29
1/24/2008,4.48
1/25/2008,4.44
1/28/2008,4.43
1/29/2008,4.5
1/30/2008,4.55
1/31/2008,4.51
2/1/2008,4.45
2/4/2008,4.48
2/5/2008,4.39
2/6/2008,4.41
2/7/2008,4.49
2/8/2008,4.43
2/11/2008,4.41
2/12/2008,4.47
2/13/2008,4.45
2/14/2008,4.53
2/15/2008,4.51
2/18/2008,4.51
2/19/2008,4.62
2/20/2008,4.68
2/21/2008,4.54
2/22/2008,4.55
2/25/2008,4.66
2/26/2008,4.61
2/27/2008,4.6
2/28/2008,4.49
2/29/2008,4.34
3/3/2008,4.35
3/4/2008,4.41
3/5/2008,4.5
3/6/2008,4.5
3/7/2008,4.43
3/10/2008,4.42
3/11/2008,4.62
3/12/2008,4.5
3/13/2008,4.54
3/14/2008,4.42
3/17/2008,4.35
3/18/2008,4.47
3/19/2008,4.37
3/20/2008,4.37
3/21/2008,.
3/24/2008,4.57
3/25/2008,4.57
3/26/2008,4.53
3/27/2008,4.55
3/28/2008,4.51
3/31/2008,4.46
4/1/2008,4.59
4/2/2008,4.65
4/3/2008,4.65
4/4/2008,4.53
4/7/2008,4.6
4/8/2008,4.56
4/9/2008,4.46
4/10/2008,4.54
4/11/2008,4.51
4/14/2008,4.51
4/15/2008,4.57
4/16/2008,4.71
4/17/2008,4.78
4/18/2008,4.78
4/21/2008,4.74
4/22/2008,4.77
4/23/2008,4.78
4/24/2008,4.89
4/25/2008,4.93
4/28/2008,4.88
4/29/2008,4.84
4/30/2008,4.83
5/1/2008,4.84
5/2/2008,4.9
5/5/2008,4.89
5/6/2008,4.9
5/7/2008,4.87
5/8/2008,4.8
5/9/2008,4.78
5/12/2008,4.78
5/13/2008,4.93
5/14/2008,4.97
5/15/2008,4.88
5/16/2008,4.87
5/19/2008,4.84
5/20/2008,4.79
5/21/2008,4.85
5/22/2008,4.99
5/23/2008,4.9
5/26/2008,4.9
5/27/2008,4.99
5/28/2008,5.08
5/29/2008,5.12
5/30/2008,5.09
5/31/2008,5.1
6/2/2008,5.01
6/3/2008,4.93
6/4/2008,4.97
6/5/2008,5.02
6/6/2008,4.93
6/9/2008,5.07
6/10/2008,5.21
6/11/2008,5.17
6/12/2008,5.31
6/13/2008,5.36
6/16/2008,5.32
6/17/2008,5.28
6/18/2008,5.18
6/19/2008,5.25
6/20/2008,5.19
6/23/2008,5.25
6/24/2008,5.19
6/25/2008,5.18
6/26/2008,5.13
6/27/2008,5.11
6/30/2008,5.07
7/1/2008,5.1
7/2/2008,5.07
7/3/2008,5.06
7/4/2008,5.06
7/7/2008,5
7/8/2008,4.98
7/9/2008,4.94
7/10/2008,4.95
7/11/2008,5.11
7/14/2008,5.03
7/15/2008,4.99
7/16/2008,5.06
7/17/2008,5.17
7/18/2008,5.21
7/21/2008,5.21
7/22/2008,5.25
7/23/2008,5.29
7/24/2008,5.13
7/25/2008,5.21
7/28/2008,5.12
7/29/2008,5.14
7/30/2008,5.15
7/31/2008,5.1
8/1/2008,5.07
8/4/2008,5.09
8/5/2008,5.11
8/6/2008,5.14
8/7/2008,5.01
8/8/2008,5.04
8/11/2008,5.09
8/12/2008,5
8/13/2008,5.06
8/14/2008,5
8/15/2008,4.97
8/18/2008,4.93
8/19/2008,4.97
8/20/2008,4.93
8/21/2008,4.98
8/22/2008,5.03
8/25/2008,4.95
8/26/2008,4.96
8/27/2008,4.94
8/28/2008,4.97
8/29/2008,4.97
8/31/2008,4.97
9/1/2008,4.97
9/2/2008,4.91
9/3/2008,4.87
9/4/2008,4.84
9/5/2008,4.87
9/8/2008,4.87
9/9/2008,4.8
9/10/2008,4.84
9/11/2008,4.86
9/12/2008,4.98
9/15/2008,4.99
9/16/2008,5.38
9/17/2008,5.54
9/18/2008,5.94
9/19/2008,6.02
9/22/2008,5.89
9/23/2008,5.95
9/24/2008,5.85
9/25/2008,6.17
9/26/2008,6.34
9/29/2008,6.19
9/30/2008,6.45
10/1/2008,6.54
10/2/2008,6.38
10/3/2008,6.38
10/6/2008,6.28
10/7/2008,6.27
10/8/2008,6.52
10/9/2008,6.63
10/10/2008,6.95
10/13/2008,6.95
10/14/2008,6.9
10/15/2008,6.74
10/16/2008,6.8
10/17/2008,6.91
10/20/2008,6.87
10/21/2008,6.66
10/22/2008,6.63
10/23/2008,6.62
10/24/2008,6.86
10/27/2008,6.91
10/28/2008,6.89
10/29/2008,6.88
10/30/2008,6.88
10/31/2008,6.95
11/3/2008,6.84
11/4/2008,6.67
11/5/2008,6.56
11/6/2008,6.55
11/7/2008,6.6
11/10/2008,6.49
11/11/2008,6.49
11/12/2008,6.31
11/13/2008,6.35
11/14/2008,6.3
11/17/2008,6.26
11/18/2008,6.12
11/19/2008,6.11
11/20/2008,6.1
11/21/2008,6.28
11/24/2008,6.21
11/25/2008,6.05
11/26/2008,5.96
11/27/2008,5.96
11/28/2008,5.95
11/30/2008,5.94
12/1/2008,5.78
12/2/2008,5.76
12/3/2008,5.72
12/4/2008,5.64
12/5/2008,5.73
12/8/2008,5.78
12/9/2008,5.66
12/10/2008,5.65
12/11/2008,5.56
12/12/2008,5.52
12/15/2008,5.49
12/16/2008,5.34
12/17/2008,5.22
12/18/2008,5.04
12/19/2008,5.06
12/22/2008,5.05
12/23/2008,5.07
12/24/2008,5.07
12/25/2008,.
12/26/2008,5.04
12/29/2008,4.94
12/30/2008,4.92
12/31/2008,5.07
1/1/2009,.
1/2/2009,5.22
1/5/2009,5.19
1/6/2009,5.32
1/7/2009,5.29
1/8/2009,5.28
1/9/2009,5.23
1/12/2009,5.18
1/13/2009,5.12
1/14/2009,5.14
1/15/2009,5.2
1/16/2009,5.18
1/19/2009,5.18
1/20/2009,5.25
1/21/2009,5.39
1/22/2009,5.39
1/23/2009,5.45
1/26/2009,5.45
1/27/2009,5.34
1/28/2009,5.39
1/29/2009,5.5
1/30/2009,5.49
1/31/2009,5.66
2/2/2009,5.59
2/3/2009,5.71
2/4/2009,5.76
2/5/2009,5.72
2/6/2009,5.76
2/9/2009,5.79
2/10/2009,5.6
2/11/2009,5.5
2/12/2009,5.47
2/13/2009,5.59
2/16/2009,5.58
2/17/2009,5.42
2/18/2009,5.56
2/19/2009,5.68
2/20/2009,5.66
2/23/2009,5.68
2/24/2009,5.83
2/25/2009,6.04
2/26/2009,6.05
2/27/2009,6.1
2/28/2009,6.11
3/2/2009,6.13
3/3/2009,6.52
3/4/2009,8.13
3/5/2009,8.14
3/6/2009,8.16
3/9/2009,8.25
3/10/2009,8.1
3/11/2009,8.04
3/12/2009,7.55
3/13/2009,7.41
3/16/2009,6.95
3/17/2009,6.82
3/18/2009,6.36
3/19/2009,6.37
3/20/2009,6.35
3/23/2009,6.34
3/24/2009,6.27
3/25/2009,6.32
3/26/2009,6.24
3/27/2009,6.24
3/30/2009,6.22
3/31/2009,4.72
4/1/2009,4.68
4/2/2009,4.77
4/3/2009,4.91
4/6/2009,4.93
4/7/2009,4.91
4/8/2009,4.85
4/9/2009,4.89
4/10/2009,.
4/13/2009,4.8
4/14/2009,4.72
4/15/2009,4.7
4/16/2009,4.76
4/17/2009,4.82
4/20/2009,4.73
4/21/2009,4.71
4/22/2009,4.75
4/23/2009,4.72
4/24/2009,4.73
4/27/2009,4.67
4/28/2009,4.73
4/29/2009,4.77
4/30/2009,4.75
5/1/2009,4.76
5/4/2009,4.77
5/5/2009,4.77
5/6/2009,4.77
5/7/2009,4.88
5/8/2009,4.87
5/11/2009,4.77
5/12/2009,4.73
5/13/2009,4.66
5/14/2009,4.65
5/15/2009,4.67
5/18/2009,4.75
5/19/2009,4.65
5/20/2009,4.59
5/21/2009,4.67
5/22/2009,4.64
5/25/2009,4.64
5/26/2009,4.68
5/27/2009,4.8
5/28/2009,4.8
5/29/2009,4.56
5/31/2009,4.4
6/1/2009,4.6
6/2/2009,4.52
6/3/2009,4.46
6/4/2009,4.58
6/5/2009,4.78
6/8/2009,4.8
6/9/2009,4.75
6/10/2009,4.77
6/11/2009,4.71
6/12/2009,4.64
6/15/2009,4.56
6/16/2009,4.52
6/17/2009,4.52
6/18/2009,4.68
6/19/2009,4.5
6/22/2009,4.41
6/23/2009,4.38
6/24/2009,4.39
6/25/2009,4.29
6/26/2009,4.22
6/29/2009,4.21
6/30/2009,3.96
7/1/2009,3.9
7/2/2009,3.69
7/3/2009,3.69
7/6/2009,4.14
7/7/2009,4.06
7/8/2009,3.92
7/9/2009,4.01
7/10/2009,3.91
7/13/2009,3.93
7/14/2009,4
7/15/2009,4.14
7/16/2009,4.11
7/17/2009,4.17
7/20/2009,4.09
7/21/2009,3.98
7/22/2009,4.04
7/23/2009,4.18
7/24/2009,4.14
7/27/2009,4.18
7/28/2009,4.17
7/29/2009,4.16
7/30/2009,4.12
7/31/2009,3.99
8/3/2009,4.12
8/4/2009,4.14
8/5/2009,4.16
8/6/2009,4.14
8/7/2009,4.25
8/10/2009,4.14
8/11/2009,4.09
8/12/2009,4.05
8/13/2009,3.94
8/14/2009,3.89
8/17/2009,3.8
8/18/2009,3.85
8/19/2009,3.8
8/20/2009,3.81
8/21/2009,3.93
8/24/2009,3.84
8/25/2009,3.81
8/26/2009,3.8
8/27/2009,3.81
8/28/2009,3.78
8/31/2009,3.68
9/1/2009,3.67
9/2/2009,3.56
9/3/2009,3.6
9/4/2009,3.71
9/7/2009,3.71
9/8/2009,3.73
9/9/2009,3.75
9/10/2009,3.64
9/11/2009,3.62
9/14/2009,3.68
9/15/2009,3.68
9/16/2009,3.7
9/17/2009,3.63
9/18/2009,3.7
9/21/2009,3.7
9/22/2009,3.67
9/23/2009,3.64
9/24/2009,3.57
9/25/2009,3.55
9/28/2009,3.53
9/29/2009,3.52
9/30/2009,3.52
10/1/2009,3.42
10/2/2009,3.46
10/5/2009,3.46
10/6/2009,3.47
10/7/2009,3.41
10/8/2009,3.47
10/9/2009,3.6
10/12/2009,3.6
10/13/2009,3.51
10/14/2009,3.62
10/15/2009,3.66
10/16/2009,3.63
10/19/2009,3.61
10/20/2009,3.53
10/21/2009,3.61
10/22/2009,3.6
10/23/2009,3.66
10/26/2009,3.7
10/27/2009,3.6
10/28/2009,3.55
10/29/2009,3.63
10/30/2009,3.55
10/31/2009,3.59
11/2/2009,3.61
11/3/2009,3.63
11/4/2009,3.66
11/5/2009,3.63
11/6/2009,3.61
11/9/2009,3.6
11/10/2009,3.59
11/11/2009,3.59
11/12/2009,3.56
11/13/2009,3.55
11/16/2009,3.46
11/17/2009,3.44
11/18/2009,3.47
11/19/2009,3.39
11/20/2009,3.41
11/23/2009,3.42
11/24/2009,3.37
11/25/2009,3.34
11/26/2009,3.34
11/27/2009,3.27
11/30/2009,3.28
12/1/2009,3.32
12/2/2009,3.29
12/3/2009,3.36
12/4/2009,3.49
12/7/2009,3.47
12/8/2009,3.4
12/9/2009,3.4
12/10/2009,3.44
12/11/2009,3.5
12/14/2009,3.52
12/15/2009,3.57
12/16/2009,3.55
12/17/2009,3.41
12/18/2009,3.47
12/21/2009,3.58
12/22/2009,3.61
12/23/2009,3.61
12/24/2009,3.67
12/25/2009,.
12/28/2009,3.72
12/29/2009,3.7
12/30/2009,3.68
12/31/2009,3.73
1/1/2010,.
1/4/2010,3.68
1/5/2010,3.56
1/6/2010,3.59
1/7/2010,3.62
1/8/2010,3.58
1/11/2010,3.57
1/12/2010,3.49
1/13/2010,3.54
1/14/2010,3.47
1/15/2010,3.42
1/18/2010,3.42
1/19/2010,3.49
1/20/2010,3.44
1/21/2010,3.39
1/22/2010,3.37
1/25/2010,3.4
1/26/2010,3.4
1/27/2010,3.41
1/28/2010,3.42
1/29/2010,3.37
1/31/2010,3.46
2/1/2010,3.52
2/2/2010,3.5
2/3/2010,3.58
2/4/2010,3.5
2/5/2010,3.4
2/8/2010,3.46
2/9/2010,3.51
2/10/2010,3.57
2/11/2010,3.55
2/12/2010,3.5
2/15/2010,3.49
2/16/2010,3.46
2/17/2010,3.55
2/18/2010,3.58
2/19/2010,3.59
2/22/2010,3.58
2/23/2010,3.48
2/24/2010,3.48
2/25/2010,3.41
2/26/2010,3.36
2/28/2010,3.36
3/1/2010,3.4
3/2/2010,3.4
3/3/2010,3.41
3/4/2010,3.41
3/5/2010,3.46
3/8/2010,3.46
3/9/2010,3.45
3/10/2010,3.48
3/11/2010,3.5
3/12/2010,3.47
3/15/2010,3.46
3/16/2010,3.41
3/17/2010,3.42
3/18/2010,3.45
3/19/2010,3.43
3/22/2010,3.45
3/23/2010,3.45
3/24/2010,3.54
3/25/2010,3.57
3/26/2010,3.51
3/29/2010,3.54
3/30/2010,3.54
3/31/2010,3.5
4/1/2010,3.52
4/2/2010,.
4/5/2010,3.66
4/6/2010,3.62
4/7/2010,3.53
4/8/2010,3.54
4/9/2010,3.54
4/12/2010,3.5
4/13/2010,3.49
4/14/2010,3.5
4/15/2010,3.48
4/16/2010,3.39
4/19/2010,3.42
4/20/2010,3.42
4/21/2010,3.38
4/22/2010,3.4
4/23/2010,3.45
4/26/2010,3.42
4/27/2010,3.3
4/28/2010,3.38
4/29/2010,3.33
4/30/2010,3.28
5/3/2010,3.33
5/4/2010,3.26
5/5/2010,3.2
5/6/2010,3.08
5/7/2010,3.15
5/10/2010,3.21
5/11/2010,3.21
5/12/2010,3.23
5/13/2010,3.2
5/14/2010,3.1
5/17/2010,3.11
5/18/2010,3.05
5/19/2010,3.08
5/20/2010,3.08
5/21/2010,3.05
5/24/2010,3.07
5/25/2010,3.05
5/26/2010,3.15
5/27/2010,3.24
5/28/2010,3.2
5/31/2010,3.21
6/1/2010,3.18
6/2/2010,3.22
6/3/2010,3.27
6/4/2010,3.07
6/7/2010,3.08
6/8/2010,3.09
6/9/2010,3.11
6/10/2010,3.26
6/11/2010,3.14
6/14/2010,3.18
6/15/2010,3.21
6/16/2010,3.19
6/17/2010,3.1
6/18/2010,3.14
6/21/2010,3.14
6/22/2010,3.08
6/23/2010,3.04
6/24/2010,3.04
6/25/2010,3
6/28/2010,2.94
6/29/2010,2.9
6/30/2010,2.91
7/1/2010,2.93
7/2/2010,2.96
7/5/2010,2.96
7/6/2010,2.92
7/7/2010,2.94
7/8/2010,2.96
7/9/2010,2.99
7/12/2010,2.96
7/13/2010,3.01
7/14/2010,2.93
7/15/2010,2.88
7/16/2010,2.82
7/19/2010,2.85
7/20/2010,2.82
7/21/2010,2.79
7/22/2010,2.81
7/23/2010,2.85
7/26/2010,2.85
7/27/2010,2.85
7/28/2010,2.79
7/29/2010,2.78
7/30/2010,2.77
7/31/2010,2.68
8/2/2010,2.68
8/3/2010,2.61
8/4/2010,2.65
8/5/2010,2.62
8/6/2010,2.56
8/9/2010,2.57
8/10/2010,2.54
8/11/2010,2.5
8/12/2010,2.52
8/13/2010,2.49
8/16/2010,2.41
8/17/2010,2.44
8/18/2010,2.43
8/19/2010,2.38
8/20/2010,2.41
8/23/2010,2.4
8/24/2010,2.33
8/25/2010,2.37
8/26/2010,2.34
8/27/2010,2.43
8/30/2010,2.38
8/31/2010,2.4
9/1/2010,2.49
9/2/2010,2.5
9/3/2010,2.55
9/6/2010,2.55
9/7/2010,2.47
9/8/2010,2.51
9/9/2010,2.56
9/10/2010,2.58
9/13/2010,2.52
9/14/2010,2.46
9/15/2010,2.48
9/16/2010,2.5
9/17/2010,2.48
9/20/2010,2.45
9/21/2010,2.39
9/22/2010,2.37
9/23/2010,2.37
9/24/2010,2.38
9/27/2010,2.31
9/28/2010,2.28
9/29/2010,2.31
9/30/2010,2.37
10/1/2010,2.35
10/4/2010,2.33
10/5/2010,2.29
10/6/2010,2.23
10/7/2010,2.22
10/8/2010,2.21
10/11/2010,2.2
10/12/2010,2.24
10/13/2010,2.24
10/14/2010,2.28
10/15/2010,2.31
10/18/2010,2.25
10/19/2010,2.24
10/20/2010,2.23
10/21/2010,2.26
10/22/2010,2.27
10/25/2010,2.27
10/26/2010,2.34
10/27/2010,2.38
10/28/2010,2.33
10/29/2010,2.28
10/31/2010,2.28
11/1/2010,2.28
11/2/2010,2.26
11/3/2010,2.26
11/4/2010,2.18
11/5/2010,2.23
11/8/2010,2.27
11/9/2010,2.37
11/10/2010,2.33
11/11/2010,2.33
11/12/2010,2.47
11/15/2010,2.58
11/16/2010,2.53
11/17/2010,2.52
11/18/2010,2.54
11/19/2010,2.54
11/22/2010,2.46
11/23/2010,2.4
11/24/2010,2.57
11/25/2010,2.57
11/26/2010,2.53
11/29/2010,2.52
11/30/2010,2.46
12/1/2010,2.59
12/2/2010,2.62
12/3/2010,2.58
12/6/2010,2.5
12/7/2010,2.67
12/8/2010,2.76
12/9/2010,2.76
12/10/2010,2.77
12/13/2010,2.75
12/14/2010,2.84
12/15/2010,2.88
12/16/2010,2.86
12/17/2010,2.75
12/20/2010,2.8
12/21/2010,2.79
12/22/2010,2.82
12/23/2010,2.87
12/24/2010,2.87
12/27/2010,2.81
12/28/2010,2.92
12/29/2010,2.8
12/30/2010,2.82
12/31/2010,2.9
1/3/2011,2.91
1/4/2011,2.92
1/5/2011,3.06
1/6/2011,2.99
1/7/2011,2.88
1/10/2011,2.86
1/11/2011,2.87
1/12/2011,2.89
1/13/2011,2.84
1/14/2011,2.85
1/17/2011,2.84
1/18/2011,2.87
1/19/2011,2.85
1/20/2011,2.93
1/21/2011,2.91
1/24/2011,2.9
1/25/2011,2.84
1/26/2011,2.9
1/27/2011,2.85
1/28/2011,2.81
1/31/2011,2.88
2/1/2011,2.93
2/2/2011,3.01
2/3/2011,3.05
2/4/2011,3.15
2/7/2011,3.15
2/8/2011,3.23
2/9/2011,3.15
2/10/2011,3.21
2/11/2011,3.16
2/14/2011,3.1
2/15/2011,3.09
2/16/2011,3.1
2/17/2011,3.05
2/18/2011,3.05
2/21/2011,3.04
2/22/2011,2.94
2/23/2011,2.97
2/24/2011,2.94
2/25/2011,2.93
2/28/2011,2.98
3/1/2011,2.98
3/2/2011,3.01
3/3/2011,3.1
3/4/2011,3.01
3/7/2011,3.02
3/8/2011,3.05
3/9/2011,2.99
3/10/2011,2.93
3/11/2011,2.92
3/14/2011,2.88
3/15/2011,2.89
3/16/2011,2.81
3/17/2011,2.84
3/18/2011,2.86
3/21/2011,2.91
3/22/2011,2.92
3/23/2011,2.92
3/24/2011,2.96
3/25/2011,3
3/28/2011,3.01
3/29/2011,3.04
3/30/2011,3.01
3/31/2011,2.96
4/1/2011,2.98
4/4/2011,2.94
4/5/2011,3.01
4/6/2011,3.05
4/7/2011,3.02
4/8/2011,3.03
4/11/2011,3.03
4/12/2011,2.96
4/13/2011,2.93
4/14/2011,2.95
4/15/2011,2.88
4/18/2011,2.85
4/19/2011,2.84
4/20/2011,2.88
4/21/2011,2.88
4/22/2011,.
4/25/2011,2.85
4/26/2011,2.81
4/27/2011,2.83
4/28/2011,2.78
4/29/2011,2.74
4/30/2011,2.76
5/2/2011,2.76
5/3/2011,2.74
5/4/2011,2.72
5/5/2011,2.69
5/6/2011,2.67
5/9/2011,2.65
5/10/2011,2.7
5/11/2011,2.67
5/12/2011,2.69
5/13/2011,2.66
5/16/2011,2.63
5/17/2011,2.61
5/18/2011,2.66
5/19/2011,2.65
5/20/2011,2.64
5/23/2011,2.62
5/24/2011,2.63
5/25/2011,2.63
5/26/2011,2.57
5/27/2011,2.57
5/30/2011,2.56
5/31/2011,2.56
6/1/2011,2.51
6/2/2011,2.56
6/3/2011,2.53
6/6/2011,2.53
6/7/2011,2.52
6/8/2011,2.47
6/9/2011,2.52
6/10/2011,2.49
6/13/2011,2.52
6/14/2011,2.59
6/15/2011,2.49
6/16/2011,2.47
6/17/2011,2.49
6/20/2011,2.49
6/21/2011,2.51
6/22/2011,2.51
6/23/2011,2.44
6/24/2011,2.41
6/27/2011,2.48
6/28/2011,2.58
6/29/2011,2.61
6/30/2011,2.64
7/1/2011,2.67
7/4/2011,2.67
7/5/2011,2.6
7/6/2011,2.57
7/7/2011,2.63
7/8/2011,2.51
7/11/2011,2.43
7/12/2011,2.43
7/13/2011,2.42
7/14/2011,2.44
7/15/2011,2.42
7/18/2011,2.43
7/19/2011,2.42
7/20/2011,2.45
7/21/2011,2.51
7/22/2011,2.47
7/25/2011,2.5
7/26/2011,2.46
7/27/2011,2.49
7/28/2011,2.51
7/29/2011,2.4
7/31/2011,2.44
8/1/2011,2.41
8/2/2011,2.33
8/3/2011,2.33
8/4/2011,2.25
8/5/2011,2.33
8/8/2011,2.29
8/9/2011,2.18
8/10/2011,2.15
8/11/2011,2.24
8/12/2011,2.2
8/15/2011,2.24
8/16/2011,2.19
8/17/2011,2.16
8/18/2011,2.14
8/19/2011,2.14
8/22/2011,2.15
8/23/2011,2.18
8/24/2011,2.25
8/25/2011,2.22
8/26/2011,2.19
8/29/2011,2.23
8/30/2011,2.18
8/31/2011,2.26
9/1/2011,2.22
9/2/2011,2.16
9/5/2011,2.16
9/6/2011,2.16
9/7/2011,2.19
9/8/2011,2.16
9/9/2011,2.12
9/12/2011,2.16
9/13/2011,2.21
9/14/2011,2.21
9/15/2011,2.25
9/16/2011,2.24
9/19/2011,2.15
9/20/2011,2.17
9/21/2011,2.17
9/22/2011,2.12
9/23/2011,2.18
9/26/2011,2.23
9/27/2011,2.3
9/28/2011,2.28
9/29/2011,2.25
9/30/2011,2.22
10/3/2011,2.14
10/4/2011,2.16
10/5/2011,2.24
10/6/2011,2.29
10/7/2011,2.34
10/10/2011,2.34
10/11/2011,2.4
10/12/2011,2.42
10/13/2011,2.37
10/14/2011,2.39
10/17/2011,2.33
10/18/2011,2.32
10/19/2011,2.31
10/20/2011,2.32
10/21/2011,2.3
10/24/2011,2.3
10/25/2011,2.23
10/26/2011,2.28
10/27/2011,2.34
10/28/2011,2.28
10/31/2011,2.21
11/1/2011,2.11
11/2/2011,2.13
11/3/2011,2.17
11/4/2011,2.16
11/7/2011,2.12
11/8/2011,2.18
11/9/2011,2.14
11/10/2011,2.2
11/11/2011,2.2
11/14/2011,2.19
11/15/2011,2.21
11/16/2011,2.21
11/17/2011,2.2
11/18/2011,2.24
11/21/2011,2.22
11/22/2011,2.22
11/23/2011,2.19
11/24/2011,2.19
11/25/2011,2.24
11/28/2011,2.24
11/29/2011,2.25
11/30/2011,2.29
12/1/2011,2.37
12/2/2011,2.31
12/5/2011,2.32
12/6/2011,2.34
12/7/2011,2.31
12/8/2011,2.28
12/9/2011,2.34
12/12/2011,2.33
12/13/2011,2.33
12/14/2011,2.31
12/15/2011,2.33
12/16/2011,2.29
12/19/2011,2.27
12/20/2011,2.32
12/21/2011,2.36
12/22/2011,2.36
12/23/2011,2.41
12/26/2011,.
12/27/2011,2.4
12/28/2011,2.33
12/29/2011,2.32
12/30/2011,2.29
12/31/2011,2.07
1/2/2012,.
1/3/2012,2.13
1/4/2012,2.14
1/5/2012,2.14
1/6/2012,2.12
1/9/2012,2.11
1/10/2012,2.11
1/11/2012,2.08
1/12/2012,2.09
1/13/2012,2.05
1/16/2012,2.04
1/17/2012,2.04
1/18/2012,2.06
1/19/2012,2.1
1/20/2012,2.12
1/23/2012,2.14
1/24/2012,2.13
1/25/2012,2.08
1/26/2012,2.03
1/27/2012,2.02
1/30/2012,1.98
1/31/2012,1.97
2/1/2012,1.99
2/2/2012,1.99
2/3/2012,2.04
2/6/2012,2
2/7/2012,2.03
2/8/2012,2.02
2/9/2012,2.04
2/10/2012,1.99
2/13/2012,2.01
2/14/2012,1.98
2/15/2012,1.97
2/16/2012,2.01
2/17/2012,2.01
2/20/2012,2.01
2/21/2012,2.03
2/22/2012,2
2/23/2012,1.98
2/24/2012,1.99
2/27/2012,1.95
2/28/2012,1.94
2/29/2012,1.96
3/1/2012,1.99
3/2/2012,1.95
3/5/2012,1.97
3/6/2012,1.95
3/7/2012,1.97
3/8/2012,1.99
3/9/2012,1.99
3/12/2012,1.98
3/13/2012,2.02
3/14/2012,2.14
3/15/2012,2.09
3/16/2012,2.09
3/19/2012,2.15
3/20/2012,2.14
3/21/2012,2.08
3/22/2012,2.07
3/23/2012,2.04
3/26/2012,2.04
3/27/2012,2
3/28/2012,2.01
3/29/2012,1.98
3/30/2012,2.01
3/31/2012,1.97
4/2/2012,1.96
4/3/2012,2.02
4/4/2012,1.99
4/5/2012,1.96
4/6/2012,.
4/9/2012,1.9
4/10/2012,1.86
4/11/2012,1.9
4/12/2012,1.9
4/13/2012,1.87
4/16/2012,1.86
4/17/2012,1.88
4/18/2012,1.87
4/19/2012,1.86
4/20/2012,1.88
4/23/2012,1.86
4/24/2012,1.9
4/25/2012,1.93
4/26/2012,1.91
4/27/2012,1.91
4/30/2012,1.9
5/1/2012,1.92
5/2/2012,1.91
5/3/2012,1.9
5/4/2012,1.88
5/7/2012,1.88
5/8/2012,1.86
5/9/2012,1.87
5/10/2012,1.88
5/11/2012,1.86
5/14/2012,1.85
5/15/2012,1.86
5/16/2012,1.87
5/17/2012,1.85
5/18/2012,1.87
5/21/2012,1.88
5/22/2012,1.92
5/23/2012,1.88
5/24/2012,1.91
5/25/2012,1.9
5/28/2012,1.89
5/29/2012,1.88
5/30/2012,1.83
5/31/2012,1.87
6/1/2012,1.83
6/4/2012,1.86
6/5/2012,1.86
6/6/2012,1.91
6/7/2012,1.9
6/8/2012,1.89
6/11/2012,1.87
6/12/2012,1.92
6/13/2012,1.89
6/14/2012,1.89
6/15/2012,1.85
6/18/2012,1.86
6/19/2012,1.88
6/20/2012,1.89
6/21/2012,1.87
6/22/2012,1.9
6/25/2012,1.85
6/26/2012,1.87
6/27/2012,1.86
6/28/2012,1.83
6/29/2012,1.85
6/30/2012,1.85
7/2/2012,1.8
7/3/2012,1.82
7/4/2012,1.82
7/5/2012,1.8
7/6/2012,1.77
7/9/2012,1.75
7/10/2012,1.75
7/11/2012,1.73
7/12/2012,1.72
7/13/2012,1.72
7/16/2012,1.67
7/17/2012,1.69
7/18/2012,1.66
7/19/2012,1.67
7/20/2012,1.64
7/23/2012,1.62
7/24/2012,1.61
7/25/2012,1.61
7/26/2012,1.63
7/27/2012,1.67
7/30/2012,1.63
7/31/2012,1.61
8/1/2012,1.62
8/2/2012,1.61
8/3/2012,1.65
8/6/2012,1.64
8/7/2012,1.68
8/8/2012,1.7
8/9/2012,1.7
8/10/2012,1.68
8/13/2012,1.68
8/14/2012,1.71
8/15/2012,1.75
8/16/2012,1.75
8/17/2012,1.74
8/20/2012,1.73
8/21/2012,1.73
8/22/2012,1.68
8/23/2012,1.65
8/24/2012,1.66
8/27/2012,1.65
8/28/2012,1.63
8/29/2012,1.64
8/30/2012,1.62
8/31/2012,1.59
9/3/2012,1.58
9/4/2012,1.59
9/5/2012,1.6
9/6/2012,1.65
9/7/2012,1.63
9/10/2012,1.64
9/11/2012,1.63
9/12/2012,1.66
9/13/2012,1.65
9/14/2012,1.66
9/17/2012,1.65
9/18/2012,1.64
9/19/2012,1.62
9/20/2012,1.61
9/21/2012,1.6
9/24/2012,1.58
9/25/2012,1.57
9/26/2012,1.55
9/27/2012,1.55
9/28/2012,1.53
9/30/2012,1.57
10/1/2012,1.57
10/2/2012,1.56
10/3/2012,1.56
10/4/2012,1.58
10/5/2012,1.62
10/8/2012,1.61
10/9/2012,1.6
10/10/2012,1.59
10/11/2012,1.58
10/12/2012,1.57
10/15/2012,1.57
10/16/2012,1.59
10/17/2012,1.63
10/18/2012,1.63
10/19/2012,1.61
10/22/2012,1.62
10/23/2012,1.6
10/24/2012,1.6
10/25/2012,1.63
10/26/2012,1.59
10/29/2012,1.57
10/30/2012,.
10/31/2012,1.55
11/1/2012,1.56
11/2/2012,1.56
11/5/2012,1.54
11/6/2012,1.57
11/7/2012,1.52
11/8/2012,1.51
11/9/2012,1.51
11/12/2012,1.51
11/13/2012,1.5
11/14/2012,1.5
11/15/2012,1.52
11/16/2012,1.51
11/19/2012,1.53
11/20/2012,1.55
11/21/2012,1.57
11/22/2012,1.57
11/23/2012,1.58
11/26/2012,1.56
11/27/2012,1.55
11/28/2012,1.53
11/29/2012,1.53
11/30/2012,1.53
12/3/2012,1.53
12/4/2012,1.53
12/5/2012,1.52
12/6/2012,1.51
12/7/2012,1.53
12/10/2012,1.52
12/11/2012,1.54
12/12/2012,1.55
12/13/2012,1.57
12/14/2012,1.58
12/17/2012,1.58
12/18/2012,1.63
12/19/2012,1.61
12/20/2012,1.61
12/21/2012,1.59
12/24/2012,1.6
12/25/2012,.
12/26/2012,1.6
12/27/2012,1.57
12/28/2012,1.57
12/31/2012,2
1/1/2013,.
1/2/2013,2.05
1/3/2013,2.08
1/4/2013,2.09
1/7/2013,2.08
1/8/2013,2.05
1/9/2013,2.04
1/10/2013,2.06
1/11/2013,2.05
1/14/2013,2.03
1/15/2013,2.01
1/16/2013,2.01
1/17/2013,2.05
1/18/2013,2.02
1/21/2013,2.02
1/22/2013,2.01
1/23/2013,2.02
1/24/2013,2.02
1/25/2013,2.09
1/28/2013,2.1
1/29/2013,2.09
1/30/2013,2.11
1/31/2013,2.11
2/1/2013,2.12
2/4/2013,2.1
2/5/2013,2.12
2/6/2013,2.1
2/7/2013,2.08
2/8/2013,2.08
2/11/2013,2.08
2/12/2013,2.1
2/13/2013,2.12
2/14/2013,2.09
2/15/2013,2.09
2/18/2013,2.09
2/19/2013,2.11
2/20/2013,2.11
2/21/2013,2.08
2/22/2013,2.07
2/25/2013,2.02
2/26/2013,2.01
2/27/2013,2.03
2/28/2013,2.01
3/1/2013,1.99
3/4/2013,2.01
3/5/2013,2.02
3/6/2013,2.05
3/7/2013,2.08
3/8/2013,2.11
3/11/2013,2.11
3/12/2013,2.09
3/13/2013,2.09
3/14/2013,2.1
3/15/2013,2.08
3/18/2013,2.06
3/19/2013,2.03
3/20/2013,2.05
3/21/2013,2.05
3/22/2013,2.04
3/25/2013,2.04
3/26/2013,2.04
3/27/2013,2.01
3/28/2013,2.03
3/29/2013,.
3/31/2013,2.03
4/1/2013,2.02
4/2/2013,2.03
4/3/2013,1.99
4/4/2013,1.97
4/5/2013,1.93
4/8/2013,1.95
4/9/2013,1.96
4/10/2013,1.99
4/11/2013,1.98
4/12/2013,1.94
4/15/2013,1.93
4/16/2013,1.95
4/17/2013,1.95
4/18/2013,1.94
4/19/2013,1.95
4/22/2013,1.94
4/23/2013,1.94
4/24/2013,1.94
4/25/2013,1.95
4/26/2013,1.92
4/29/2013,1.93
4/30/2013,1.93
5/1/2013,1.91
5/2/2013,1.91
5/3/2013,1.97
5/6/2013,1.98
5/7/2013,1.99
5/8/2013,1.98
5/9/2013,1.99
5/10/2013,2.05
5/13/2013,2.05
5/14/2013,2.07
5/15/2013,2.06
5/16/2013,2.02
5/17/2013,2.07
5/20/2013,2.07
5/21/2013,2.06
5/22/2013,2.1
5/23/2013,2.1
5/24/2013,2.09
5/27/2013,2.09
5/28/2013,2.16
5/29/2013,2.16
5/30/2013,2.16
5/31/2013,2.3
6/3/2013,2.29
6/4/2013,2.3
6/5/2013,2.29
6/6/2013,2.28
6/7/2013,2.35
6/10/2013,2.38
6/11/2013,2.38
6/12/2013,2.4
6/13/2013,2.37
6/14/2013,2.32
6/17/2013,2.34
6/18/2013,2.34
6/19/2013,2.44
6/20/2013,2.53
6/21/2013,2.59
6/24/2013,2.63
6/25/2013,2.65
6/26/2013,2.61
6/27/2013,2.56
6/28/2013,2.55
6/30/2013,2.7
7/1/2013,2.69
7/2/2013,2.68
7/3/2013,2.7
7/4/2013,2.7
7/5/2013,2.84
7/8/2013,2.77
7/9/2013,2.76
7/10/2013,2.79
7/11/2013,2.71
7/12/2013,2.74
7/15/2013,2.7
7/16/2013,2.68
7/17/2013,2.65
7/18/2013,2.67
7/19/2013,2.63
7/22/2013,2.62
7/23/2013,2.64
7/24/2013,2.69
7/25/2013,2.69
7/26/2013,2.65
7/29/2013,2.68
7/30/2013,2.68
7/31/2013,2.75
8/1/2013,2.84
8/2/2013,2.75
8/5/2013,2.77
8/6/2013,2.77
8/7/2013,2.74
8/8/2013,2.74
8/9/2013,2.73
8/12/2013,2.75
8/13/2013,2.83
8/14/2013,2.82
8/15/2013,2.86
8/16/2013,2.91
8/19/2013,2.95
8/20/2013,2.9
8/21/2013,2.94
8/22/2013,2.98
8/23/2013,2.92
8/26/2013,2.9
8/27/2013,2.83
8/28/2013,2.88
8/29/2013,2.86
8/30/2013,.
9/2/2013,2.85
9/3/2013,2.93
9/4/2013,2.97
9/5/2013,3.06
9/6/2013,3.02
9/9/2013,2.98
9/10/2013,3.02
9/11/2013,2.99
9/12/2013,2.98
9/13/2013,2.98
9/16/2013,2.96
9/17/2013,2.95
9/18/2013,2.84
9/19/2013,2.86
9/20/2013,2.84
9/23/2013,2.83
9/24/2013,2.79
9/25/2013,2.75
9/26/2013,2.77
9/27/2013,2.76
9/30/2013,2.76
10/1/2013,2.79
10/2/2013,2.77
10/3/2013,2.76
10/4/2013,2.79
10/7/2013,2.78
10/8/2013,2.79
10/9/2013,2.8
10/10/2013,2.81
10/11/2013,2.79
10/14/2013,2.79
10/15/2013,2.81
10/16/2013,2.77
10/17/2013,2.71
10/18/2013,2.72
10/21/2013,2.74
10/22/2013,2.67
10/23/2013,2.66
10/24/2013,2.69
10/25/2013,2.67
10/28/2013,2.68
10/29/2013,2.67
10/30/2013,2.67
10/31/2013,2.74
11/1/2013,2.79
11/4/2013,2.78
11/5/2013,2.81
11/6/2013,2.79
11/7/2013,2.77
11/8/2013,2.85
11/11/2013,2.85
11/12/2013,2.87
11/13/2013,2.84
11/14/2013,2.79
11/15/2013,2.8
11/18/2013,2.77
11/19/2013,2.8
11/20/2013,2.84
11/21/2013,2.83
11/22/2013,2.8
11/25/2013,2.78
11/26/2013,2.76
11/27/2013,2.78
11/28/2013,2.78
11/29/2013,2.78
11/30/2013,2.79
12/2/2013,2.84
12/3/2013,2.82
12/4/2013,2.87
12/5/2013,2.88
12/6/2013,2.88
12/9/2013,2.87
12/10/2013,2.83
12/11/2013,2.86
12/12/2013,2.87
12/13/2013,2.86
12/16/2013,2.86
12/17/2013,2.84
12/18/2013,2.84
12/19/2013,2.87
12/20/2013,2.84
12/23/2013,2.87
12/24/2013,2.91
12/25/2013,.
12/26/2013,2.92
12/27/2013,2.92
12/30/2013,2.89
12/31/2013,2.94
1/1/2014,.
1/2/2014,2.92
1/3/2014,2.93
1/6/2014,2.9
1/7/2014,2.89
1/8/2014,2.91
1/9/2014,2.89
1/10/2014,2.81
1/13/2014,2.78
1/14/2014,2.81
1/15/2014,2.83
1/16/2014,2.81
1/17/2014,2.79
1/20/2014,2.79
1/21/2014,2.78
1/22/2014,2.82
1/23/2014,2.76
1/24/2014,2.74
1/27/2014,2.76
1/28/2014,2.74
1/29/2014,2.7
1/30/2014,2.71
1/31/2014,2.7
2/3/2014,2.65
2/4/2014,2.67
2/5/2014,2.7
2/6/2014,2.73
2/7/2014,2.7
2/10/2014,2.7
2/11/2014,2.73
2/12/2014,2.77
2/13/2014,2.72
2/14/2014,2.73
2/17/2014,2.73
2/18/2014,2.7
2/19/2014,2.72
2/20/2014,2.74
2/21/2014,2.72
2/24/2014,2.73
2/25/2014,2.69
2/26/2014,2.67
2/27/2014,2.64
2/28/2014,2.66
3/3/2014,2.63
3/4/2014,2.68
3/5/2014,2.69
3/6/2014,2.72
3/7/2014,2.76
3/10/2014,2.76
3/11/2014,2.75
3/12/2014,2.72
3/13/2014,2.67
3/14/2014,2.68
3/17/2014,2.72
3/18/2014,2.7
3/19/2014,2.79
3/20/2014,2.79
3/21/2014,2.78
3/24/2014,2.77
3/25/2014,2.76
3/26/2014,2.72
3/27/2014,2.71
3/28/2014,2.74
3/31/2014,2.66
4/1/2014,2.67
4/2/2014,2.7
4/3/2014,2.69
4/4/2014,2.63
4/7/2014,2.61
4/8/2014,2.6
4/9/2014,2.59
4/10/2014,2.54
4/11/2014,2.53
4/14/2014,2.55
4/15/2014,2.55
4/16/2014,2.56
4/17/2014,2.62
4/18/2014,.
4/21/2014,2.62
4/22/2014,2.62
4/23/2014,2.59
4/24/2014,2.6
4/25/2014,2.58
4/28/2014,2.6
4/29/2014,2.61
4/30/2014,2.6
5/1/2014,2.57
5/2/2014,2.57
5/5/2014,2.58
5/6/2014,2.57
5/7/2014,2.56
5/8/2014,2.54
5/9/2014,2.55
5/12/2014,2.58
5/13/2014,2.55
5/14/2014,2.49
5/15/2014,2.47
5/16/2014,2.48
5/19/2014,2.48
5/20/2014,2.46
5/21/2014,2.49
5/22/2014,2.5
5/23/2014,2.48
5/26/2014,2.48
5/27/2014,2.47
5/28/2014,2.42
5/29/2014,2.43
5/30/2014,2.43
5/31/2014,2.47
6/2/2014,2.53
6/3/2014,2.57
6/4/2014,2.57
6/5/2014,2.56
6/6/2014,2.57
6/9/2014,2.59
6/10/2014,2.61
6/11/2014,2.6
6/12/2014,2.57
6/13/2014,2.59
6/16/2014,2.58
6/17/2014,2.62
6/18/2014,2.6
6/19/2014,2.59
6/20/2014,2.6
6/23/2014,2.59
6/24/2014,2.57
6/25/2014,2.55
6/26/2014,2.52
6/27/2014,2.53
6/30/2014,2.51
7/1/2014,2.55
7/2/2014,2.6
7/3/2014,2.62
7/4/2014,2.62
7/7/2014,2.6
7/8/2014,2.57
7/9/2014,2.55
7/10/2014,2.53
7/11/2014,2.53
7/14/2014,2.54
7/15/2014,2.55
7/16/2014,2.55
7/17/2014,2.51
7/18/2014,2.52
7/21/2014,2.52
7/22/2014,2.51
7/23/2014,2.51
7/24/2014,2.54
7/25/2014,2.51
7/28/2014,2.53
7/29/2014,2.5
7/30/2014,2.57
7/31/2014,2.59
8/1/2014,2.54
8/4/2014,2.53
8/5/2014,2.53
8/6/2014,2.52
8/7/2014,2.48
8/8/2014,2.48
8/11/2014,2.49
8/12/2014,2.5
8/13/2014,2.47
8/14/2014,2.45
8/15/2014,2.42
8/18/2014,2.45
8/19/2014,2.47
8/20/2014,2.5
8/21/2014,2.49
8/22/2014,2.5
8/25/2014,2.5
8/26/2014,2.5
8/27/2014,2.48
8/28/2014,2.46
8/29/2014,2.46
8/31/2014,2.46
9/1/2014,2.46
9/2/2014,2.52
9/3/2014,2.52
9/4/2014,2.55
9/5/2014,2.54
9/8/2014,2.55
9/9/2014,2.58
9/10/2014,2.61
9/11/2014,2.6
9/12/2014,2.65
9/15/2014,2.63
9/16/2014,2.62
9/17/2014,2.64
9/18/2014,2.65
9/19/2014,2.63
9/22/2014,2.61
9/23/2014,2.58
9/24/2014,2.61
9/25/2014,2.57
9/26/2014,2.59
9/29/2014,2.56
9/30/2014,2.68
10/1/2014,2.61
10/2/2014,2.63
10/3/2014,2.65
10/6/2014,2.62
10/7/2014,2.57
10/8/2014,2.54
10/9/2014,2.54
10/10/2014,2.53
10/13/2014,2.52
10/14/2014,2.44
10/15/2014,2.37
10/16/2014,2.43
10/17/2014,2.47
10/20/2014,2.44
10/21/2014,2.46
10/22/2014,2.48
10/23/2014,2.52
10/24/2014,2.52
10/27/2014,2.51
10/28/2014,2.53
10/29/2014,2.57
10/30/2014,2.55
10/31/2014,2.58
11/3/2014,2.59
11/4/2014,2.59
11/5/2014,2.59
11/6/2014,2.61
11/7/2014,2.57
11/10/2014,2.6
11/11/2014,2.6
11/12/2014,2.6
11/13/2014,2.59
11/14/2014,2.56
11/17/2014,2.58
11/18/2014,2.57
11/19/2014,2.61
11/20/2014,2.59
11/21/2014,2.58
11/24/2014,2.58
11/25/2014,2.52
11/26/2014,2.5
11/27/2014,2.5
11/28/2014,2.46
11/30/2014,2.44
12/1/2014,2.47
12/2/2014,2.52
12/3/2014,2.54
12/4/2014,2.51
12/5/2014,2.57
12/8/2014,2.55
12/9/2014,2.52
12/10/2014,2.48
12/11/2014,2.49
12/12/2014,2.43
12/15/2014,2.45
12/16/2014,2.42
12/17/2014,2.5
12/18/2014,2.53
12/19/2014,2.52
12/22/2014,2.51
12/23/2014,2.58
12/24/2014,2.57
12/25/2014,.
12/26/2014,2.57
12/29/2014,2.52
12/30/2014,2.5
12/31/2014,2.5
1/1/2015,.
1/2/2015,2.46
1/5/2015,2.41
1/6/2015,2.35
1/7/2015,2.34
1/8/2015,2.38
1/9/2015,2.34
1/12/2015,2.29
1/13/2015,2.27
1/14/2015,2.23
1/15/2015,2.19
1/16/2015,.
1/19/2015,2.23
1/20/2015,2.22
1/21/2015,2.25
1/22/2015,2.27
1/23/2015,2.22
1/26/2015,2.23
1/27/2015,2.22
1/28/2015,2.15
1/29/2015,2.17
1/30/2015,2.1
1/31/2015,2.11
2/2/2015,2.11
2/3/2015,2.2
2/4/2015,2.21
2/5/2015,2.21
2/6/2015,2.32
2/9/2015,2.32
2/10/2015,2.36
2/11/2015,2.36
2/12/2015,2.34
2/13/2015,2.38
2/16/2015,2.37
2/17/2015,2.46
2/18/2015,2.38
2/19/2015,2.41
2/20/2015,2.43
2/23/2015,2.36
2/24/2015,2.3
2/25/2015,2.3
2/26/2015,2.34
2/27/2015,2.32
2/28/2015,2.49
3/2/2015,2.56
3/3/2015,2.59
3/4/2015,2.58
3/5/2015,2.56
3/6/2015,2.66
3/9/2015,2.62
3/10/2015,2.57
3/11/2015,2.57
3/12/2015,2.56
3/13/2015,2.58
3/16/2015,2.57
3/17/2015,2.56
3/18/2015,2.46
3/19/2015,2.49
3/20/2015,2.45
3/23/2015,2.44
3/24/2015,2.41
3/25/2015,2.44
3/26/2015,2.51
3/27/2015,2.45
3/30/2015,2.47
3/31/2015,2.41
4/1/2015,2.37
4/2/2015,2.39
4/3/2015,.
4/6/2015,2.37
4/7/2015,2.37
4/8/2015,2.37
4/9/2015,2.43
4/10/2015,2.42
4/13/2015,2.4
4/14/2015,2.37
4/15/2015,2.37
4/16/2015,2.35
4/17/2015,2.33
4/20/2015,2.38
4/21/2015,2.39
4/22/2015,2.43
4/23/2015,2.4
4/24/2015,2.38
4/27/2015,2.38
4/28/2015,2.43
4/29/2015,2.48
4/30/2015,2.51
5/1/2015,2.57
5/4/2015,2.57
5/5/2015,2.6
5/6/2015,2.66
5/7/2015,2.63
5/8/2015,2.59
5/11/2015,2.68
5/12/2015,2.67
5/13/2015,2.67
5/14/2015,2.63
5/15/2015,2.57
5/18/2015,2.64
5/19/2015,2.67
5/20/2015,2.66
5/21/2015,2.62
5/22/2015,2.67
5/25/2015,.
5/26/2015,2.6
5/27/2015,2.61
5/28/2015,2.6
5/29/2015,2.58
5/31/2015,2.63
6/1/2015,2.71
6/2/2015,2.76
6/3/2015,2.83
6/4/2015,2.78
6/5/2015,2.86
6/8/2015,2.83
6/9/2015,2.86
6/10/2015,2.91
6/11/2015,2.84
6/12/2015,2.85
6/15/2015,2.83
6/16/2015,2.81
6/17/2015,2.79
6/18/2015,2.83
6/19/2015,2.77
6/22/2015,2.84
6/23/2015,2.87
6/24/2015,2.84
6/25/2015,2.86
6/26/2015,2.91
6/29/2015,2.81
6/30/2015,2.82
7/1/2015,2.89
7/2/2015,2.85
7/3/2015,2.85
7/6/2015,2.77
7/7/2015,2.74
7/8/2015,2.72
7/9/2015,2.8
7/10/2015,2.89
7/13/2015,2.9
7/14/2015,2.87
7/15/2015,2.83
7/16/2015,2.85
7/17/2015,2.84
7/20/2015,2.87
7/21/2015,2.85
7/22/2015,2.84
7/23/2015,2.81
7/24/2015,2.8
7/27/2015,2.77
7/28/2015,2.79
7/29/2015,2.81
7/30/2015,2.8
7/31/2015,2.78
8/3/2015,2.74
8/4/2015,2.8
8/5/2015,2.85
8/6/2015,2.82
8/7/2015,2.78
8/10/2015,2.83
8/11/2015,2.74
8/12/2015,2.75
8/13/2015,2.81
8/14/2015,2.81
8/17/2015,2.77
8/18/2015,2.8
8/19/2015,2.75
8/20/2015,2.72
8/21/2015,2.7
8/24/2015,2.67
8/25/2015,2.78
8/26/2015,2.81
8/27/2015,2.79
8/28/2015,2.8
8/31/2015,2.83
9/1/2015,2.81
9/2/2015,2.82
9/3/2015,2.79
9/4/2015,2.75
9/7/2015,2.75
9/8/2015,2.79
9/9/2015,2.78
9/10/2015,2.81
9/11/2015,2.77
9/14/2015,2.78
9/15/2015,2.86
9/16/2015,2.88
9/17/2015,2.78
9/18/2015,2.71
9/21/2015,2.78
9/22/2015,2.71
9/23/2015,2.72
9/24/2015,2.71
9/25/2015,2.74
9/28/2015,2.69
9/29/2015,2.66
9/30/2015,2.68
10/1/2015,2.67
10/2/2015,2.62
10/5/2015,2.67
10/6/2015,2.65
10/7/2015,2.66
10/8/2015,2.69
10/9/2015,2.68
10/12/2015,2.68
10/13/2015,2.64
10/14/2015,2.57
10/15/2015,2.6
10/16/2015,2.6
10/19/2015,2.6
10/20/2015,2.63
10/21/2015,2.59
10/22/2015,2.57
10/23/2015,2.61
10/26/2015,2.59
10/27/2015,2.56
10/28/2015,2.63
10/29/2015,2.71
10/30/2015,2.7
10/31/2015,2.7
11/2/2015,2.72
11/3/2015,2.75
11/4/2015,2.76
11/5/2015,2.77
11/6/2015,2.84
11/9/2015,2.85
11/10/2015,2.82
11/11/2015,2.82
11/12/2015,2.83
11/13/2015,2.81
11/16/2015,2.8
11/17/2015,2.77
11/18/2015,2.78
11/19/2015,2.76
11/20/2015,2.77
11/23/2015,2.77
11/24/2015,2.76
11/25/2015,2.75
11/26/2015,2.75
11/27/2015,2.75
11/30/2015,2.81
12/1/2015,2.74
12/2/2015,2.76
12/3/2015,2.86
12/4/2015,2.82
12/7/2015,2.78
12/8/2015,2.8
12/9/2015,2.78
12/10/2015,2.81
12/11/2015,2.73
12/14/2015,2.83
12/15/2015,2.86
12/16/2015,2.87
12/17/2015,2.83
12/18/2015,2.8
12/21/2015,2.8
12/22/2015,2.83
12/23/2015,2.85
12/24/2015,2.83
12/25/2015,.
12/28/2015,2.82
12/29/2015,2.89
12/30/2015,2.88
12/31/2015,2.86
1/1/2016,.
1/4/2016,2.83
1/5/2016,2.83
1/6/2016,2.77
1/7/2016,2.76
1/8/2016,2.73
1/11/2016,2.75
1/12/2016,2.71
1/13/2016,2.68
1/14/2016,2.72
1/15/2016,2.71
1/18/2016,2.7
1/19/2016,2.71
1/20/2016,2.72
1/21/2016,2.73
1/22/2016,2.75
1/25/2016,2.73
1/26/2016,2.72
1/27/2016,2.72
1/28/2016,2.73
1/29/2016,2.69
1/31/2016,2.69
2/1/2016,2.73
2/2/2016,2.66
2/3/2016,2.67
2/4/2016,2.65
2/5/2016,2.65
2/8/2016,2.56
2/9/2016,2.57
2/10/2016,2.55
2/11/2016,2.52
2/12/2016,2.59
2/15/2016,2.59
2/16/2016,2.61
2/17/2016,2.65
2/18/2016,2.6
2/19/2016,2.6
2/22/2016,2.6
2/23/2016,2.58
2/24/2016,2.57
2/25/2016,2.53
2/26/2016,2.58
2/29/2016,2.55
3/1/2016,2.62
3/2/2016,2.62
3/3/2016,2.59
3/4/2016,2.63
3/7/2016,2.63
3/8/2016,2.57
3/9/2016,2.61
3/10/2016,2.62
3/11/2016,2.62
3/14/2016,2.59
3/15/2016,2.59
3/16/2016,2.56
3/17/2016,2.54
3/18/2016,2.5
3/21/2016,2.54
3/22/2016,2.54
3/23/2016,2.49
3/24/2016,2.52
3/25/2016,.
3/28/2016,2.5
3/29/2016,2.44
3/30/2016,2.44
3/31/2016,2.47
4/1/2016,2.47
4/4/2016,2.45
4/5/2016,2.4
4/6/2016,2.42
4/7/2016,2.36
4/8/2016,2.39
4/11/2016,2.39
4/12/2016,2.43
4/13/2016,2.4
4/14/2016,2.42
4/15/2016,2.38
4/18/2016,2.39
4/19/2016,2.39
4/20/2016,2.44
4/21/2016,2.45
4/22/2016,2.46
4/25/2016,2.47
4/26/2016,2.49
4/27/2016,2.45
4/28/2016,2.42
4/29/2016,2.41
4/30/2016,2.49
5/2/2016,2.52
5/3/2016,2.47
5/4/2016,2.47
5/5/2016,2.45
5/6/2016,2.48
5/9/2016,2.46
5/10/2016,2.45
5/11/2016,2.44
5/12/2016,2.47
5/13/2016,2.44
5/16/2016,2.48
5/17/2016,2.49
5/18/2016,2.59
5/19/2016,2.56
5/20/2016,2.57
5/23/2016,2.57
5/24/2016,2.58
5/25/2016,2.59
5/26/2016,2.54
5/27/2016,2.55
5/30/2016,2.55
5/31/2016,2.56
6/1/2016,2.58
6/2/2016,2.55
6/3/2016,2.47
6/6/2016,2.48
6/7/2016,2.47
6/8/2016,2.46
6/9/2016,2.43
6/10/2016,2.41
6/13/2016,2.41
6/14/2016,2.42
6/15/2016,2.41
6/16/2016,2.4
6/17/2016,2.44
6/20/2016,2.46
6/21/2016,2.48
6/22/2016,2.47
6/23/2016,2.51
6/24/2016,2.4
6/27/2016,2.31
6/28/2016,2.32
6/29/2016,2.34
6/30/2016,2.34
7/1/2016,2.31
7/4/2016,2.31
7/5/2016,2.24
7/6/2016,2.25
7/7/2016,2.24
7/8/2016,2.22
7/11/2016,2.26
7/12/2016,2.31
7/13/2016,2.27
7/14/2016,2.31
7/15/2016,2.35
7/18/2016,2.34
7/19/2016,2.33
7/20/2016,2.35
7/21/2016,2.34
7/22/2016,2.35
7/25/2016,2.35
7/26/2016,2.35
7/27/2016,2.32
7/28/2016,2.32
7/29/2016,2.27
7/31/2016,2.28
8/1/2016,2.32
8/2/2016,2.37
8/3/2016,2.37
8/4/2016,2.33
8/5/2016,2.39
8/8/2016,2.37
8/9/2016,2.34
8/10/2016,2.3
8/11/2016,2.35
8/12/2016,2.31
8/15/2016,2.33
8/16/2016,2.35
8/17/2016,2.33
8/18/2016,2.31
8/19/2016,2.34
8/22/2016,2.32
8/23/2016,2.31
8/24/2016,2.31
8/25/2016,2.33
8/26/2016,2.38
8/29/2016,2.32
8/30/2016,2.32
8/31/2016,2.41
9/1/2016,2.41
9/2/2016,2.43
9/5/2016,2.43
9/6/2016,2.39
9/7/2016,2.4
9/8/2016,2.47
9/9/2016,2.52
9/12/2016,2.52
9/13/2016,2.58
9/14/2016,2.55
9/15/2016,2.55
9/16/2016,2.55
9/19/2016,2.54
9/20/2016,2.53
9/21/2016,2.52
9/22/2016,2.49
9/23/2016,2.47
9/26/2016,2.45
9/27/2016,2.43
9/28/2016,2.44
9/29/2016,2.43
9/30/2016,2.47
10/3/2016,2.48
10/4/2016,2.52
10/5/2016,2.54
10/6/2016,2.55
10/7/2016,2.55
10/10/2016,2.55
10/11/2016,2.56
10/12/2016,2.57
10/13/2016,2.54
10/14/2016,2.58
10/17/2016,2.55
10/18/2016,2.52
10/19/2016,2.52
10/20/2016,2.52
10/21/2016,2.52
10/24/2016,2.55
10/25/2016,2.55
10/26/2016,2.59
10/27/2016,2.63
10/28/2016,2.63
10/31/2016,2.64
11/1/2016,2.63
11/2/2016,2.62
11/3/2016,2.63
11/4/2016,2.61
11/7/2016,2.64
11/8/2016,2.66
11/9/2016,2.82
11/10/2016,2.82
11/11/2016,2.82
11/14/2016,2.9
11/15/2016,2.92
11/16/2016,2.9
11/17/2016,2.95
11/18/2016,2.99
11/21/2016,3.01
11/22/2016,3
11/23/2016,3.01
11/24/2016,3.01
11/25/2016,3.02
11/28/2016,2.98
11/29/2016,2.96
11/30/2016,3.05
12/1/2016,3.1
12/2/2016,3.06
12/5/2016,3.06
12/6/2016,3.06
12/7/2016,3.03
12/8/2016,3.06
12/9/2016,3.12
12/12/2016,3.12
12/13/2016,3.12
12/14/2016,3.15
12/15/2016,3.18
12/16/2016,3.2
12/19/2016,3.15
12/20/2016,3.16
12/21/2016,3.14
12/22/2016,3.14
12/23/2016,3.13
12/26/2016,.
12/27/2016,3.15
12/28/2016,3.1
12/29/2016,3.07
12/30/2016,3.04
12/31/2016,3.05
1/2/2017,.
1/3/2017,3.05
1/4/2017,3.05
1/5/2017,2.98
1/6/2017,3.03
1/9/2017,3
1/10/2017,3
1/11/2017,2.99
1/12/2017,2.99
1/13/2017,3.01
1/16/2017,3
1/17/2017,2.96
1/18/2017,3.01
1/19/2017,3.06
1/20/2017,3.06
1/23/2017,3
1/24/2017,3.07
1/25/2017,3.1
1/26/2017,3.08
1/27/2017,3.06
1/30/2017,3.1
1/31/2017,3.1
2/1/2017,3.11
2/2/2017,3.09
2/3/2017,3.1
2/6/2017,3.04
2/7/2017,3.02
2/8/2017,2.99
2/9/2017,3.03
2/10/2017,3.03
2/13/2017,3.04
2/14/2017,3.07
2/15/2017,3.09
2/16/2017,3.04
2/17/2017,3.02
2/20/2017,3.02
2/21/2017,3.03
2/22/2017,3.02
2/23/2017,3
2/24/2017,2.94
2/27/2017,2.98
2/28/2017,3.03
3/1/2017,3.11
3/2/2017,3.12
3/3/2017,3.11
3/6/2017,3.12
3/7/2017,3.15
3/8/2017,3.19
3/9/2017,3.23
3/10/2017,3.22
3/13/2017,3.25
3/14/2017,3.25
3/15/2017,3.17
3/16/2017,3.18
3/17/2017,3.16
3/20/2017,3.14
3/21/2017,3.11
3/22/2017,3.08
3/23/2017,3.09
3/24/2017,3.07
3/27/2017,3.06
3/28/2017,3.08
3/29/2017,3.06
3/30/2017,3.08
3/31/2017,3.07
4/3/2017,3.03
4/4/2017,3.04
4/5/2017,3.04
4/6/2017,3.03
4/7/2017,3.05
4/10/2017,3.04
4/11/2017,2.99
4/12/2017,2.99
4/13/2017,2.94
4/14/2017,.
4/17/2017,2.96
4/18/2017,2.9
4/19/2017,2.91
4/20/2017,2.94
4/21/2017,2.94
4/24/2017,2.97
4/25/2017,3.01
4/26/2017,3
4/27/2017,2.99
4/28/2017,2.98
4/30/2017,2.99
5/1/2017,3.03
5/2/2017,2.99
5/3/2017,2.99
5/4/2017,3.03
5/5/2017,3.02
5/8/2017,3.04
5/9/2017,3.06
5/10/2017,3.06
5/11/2017,3.05
5/12/2017,2.99
5/15/2017,2.99
5/16/2017,2.98
5/17/2017,2.9
5/18/2017,2.92
5/19/2017,2.93
5/22/2017,2.93
5/23/2017,2.96
5/24/2017,2.95
5/25/2017,2.94
5/26/2017,2.93
5/29/2017,2.93
5/30/2017,2.9
5/31/2017,2.9
6/1/2017,2.91
6/2/2017,2.87
6/5/2017,2.88
6/6/2017,2.86
6/7/2017,2.88
6/8/2017,2.9
6/9/2017,2.9
6/12/2017,2.91
6/13/2017,2.91
6/14/2017,2.84
6/15/2017,2.87
6/16/2017,2.86
6/19/2017,2.87
6/20/2017,2.84
6/21/2017,2.83
6/22/2017,2.83
6/23/2017,2.82
6/26/2017,2.81
6/27/2017,2.85
6/28/2017,2.86
6/29/2017,2.89
6/30/2017,2.91
7/3/2017,2.95
7/4/2017,2.95
7/5/2017,2.93
7/6/2017,2.95
7/7/2017,2.96
7/10/2017,2.94
7/11/2017,2.93
7/12/2017,2.89
7/13/2017,2.91
7/14/2017,2.88
7/17/2017,2.87
7/18/2017,2.83
7/19/2017,2.84
7/20/2017,2.84
7/21/2017,2.81
7/24/2017,2.84
7/25/2017,2.9
7/26/2017,2.86
7/27/2017,2.88
7/28/2017,2.86
7/31/2017,2.88
8/1/2017,2.84
8/2/2017,2.86
8/3/2017,2.83
8/4/2017,2.87
8/7/2017,2.85
8/8/2017,2.88
8/9/2017,2.86
8/10/2017,2.85
8/11/2017,2.84
8/14/2017,2.86
8/15/2017,2.89
8/16/2017,2.85
8/17/2017,2.83
8/18/2017,2.83
8/21/2017,2.82
8/22/2017,2.84
8/23/2017,2.81
8/24/2017,2.83
8/25/2017,2.81
8/28/2017,2.8
8/29/2017,2.79
8/30/2017,2.8
8/31/2017,2.79
9/1/2017,2.82
9/4/2017,2.82
9/5/2017,2.75
9/6/2017,2.79
9/7/2017,2.76
9/8/2017,2.77
9/11/2017,2.82
9/12/2017,2.85
9/13/2017,2.86
9/14/2017,2.85
9/15/2017,2.85
9/18/2017,2.87
9/19/2017,2.87
9/20/2017,2.88
9/21/2017,2.88
9/22/2017,2.86
9/25/2017,2.83
9/26/2017,2.83
9/27/2017,2.89
9/28/2017,2.86
9/29/2017,2.87
9/30/2017,2.87
10/2/2017,2.87
10/3/2017,2.85
10/4/2017,2.85
10/5/2017,2.87
10/6/2017,2.88
10/9/2017,2.88
10/10/2017,2.86
10/11/2017,2.86
10/12/2017,2.85
10/13/2017,2.82
10/16/2017,2.85
10/17/2017,2.84
10/18/2017,2.86
10/19/2017,2.85
10/20/2017,2.89
10/23/2017,2.88
10/24/2017,2.89
10/25/2017,2.93
10/26/2017,2.93
10/27/2017,2.91
10/30/2017,2.87
10/31/2017,2.89
11/1/2017,2.9
11/2/2017,2.87
11/3/2017,2.87
11/6/2017,2.86
11/7/2017,2.87
11/8/2017,2.9
11/9/2017,2.92
11/10/2017,2.99
11/13/2017,2.98
11/14/2017,2.97
11/15/2017,2.94
11/16/2017,2.96
11/17/2017,2.95
11/20/2017,2.96
11/21/2017,2.94
11/22/2017,2.89
11/23/2017,2.89
11/24/2017,2.9
11/27/2017,2.9
11/28/2017,2.91
11/29/2017,2.94
11/30/2017,2.99
12/1/2017,2.94
12/4/2017,2.95
12/5/2017,2.93
12/6/2017,2.92
12/7/2017,2.96
12/8/2017,2.96
12/11/2017,2.96
12/12/2017,2.97
12/13/2017,2.91
12/14/2017,2.91
12/15/2017,2.91
12/18/2017,2.94
12/19/2017,2.99
12/20/2017,3.03
12/21/2017,3
12/22/2017,3.01
12/25/2017,.
12/26/2017,2.99
12/27/2017,2.94
12/28/2017,2.95
12/29/2017,2.93
12/31/2017,2.95
1/1/2018,.
1/2/2018,3.01
1/3/2018,3
1/4/2018,3.01
1/5/2018,3.02
1/8/2018,3.02
1/9/2018,3.06
1/10/2018,3.06
1/11/2018,3.04
1/12/2018,3.04
1/15/2018,3.04
1/16/2018,3.04
1/17/2018,3.06
1/18/2018,3.09
1/19/2018,3.12
1/22/2018,3.14
1/23/2018,3.12
1/24/2018,3.14
1/25/2018,3.1
1/26/2018,3.13
1/29/2018,3.15
1/30/2018,3.18
1/31/2018,3.18
2/1/2018,3.21
2/2/2018,3.26
2/5/2018,3.21
2/6/2018,3.21
2/7/2018,3.25
2/8/2018,3.28
2/9/2018,3.28
2/12/2018,3.3
2/13/2018,3.32
2/14/2018,3.37
2/15/2018,3.34
2/16/2018,3.33
2/19/2018,3.33
2/20/2018,3.35
2/21/2018,3.4
2/22/2018,3.37
2/23/2018,3.35
2/26/2018,3.33
2/27/2018,3.38
2/28/2018,3.38
3/1/2018,3.35
3/2/2018,3.4
3/5/2018,3.42
3/6/2018,3.4
3/7/2018,3.41
3/8/2018,3.39
3/9/2018,3.42
3/12/2018,3.4
3/13/2018,3.4
3/14/2018,3.39
3/15/2018,3.39
3/16/2018,3.41
3/19/2018,3.4
3/20/2018,3.44
3/21/2018,3.47
3/22/2018,3.42
3/23/2018,3.43
3/26/2018,3.44
3/27/2018,3.39
3/28/2018,3.38
3/29/2018,3.35
3/30/2018,.
3/31/2018,3.36
4/2/2018,3.35
4/3/2018,3.39
4/4/2018,3.4
4/5/2018,3.42
4/6/2018,3.37
4/9/2018,3.37
4/10/2018,3.37
4/11/2018,3.36
4/12/2018,3.4
4/13/2018,3.4
4/16/2018,3.39
4/17/2018,3.38
4/18/2018,3.43
4/19/2018,3.48
4/20/2018,3.5
4/23/2018,3.52
4/24/2018,3.54
4/25/2018,3.58
4/26/2018,3.56
4/27/2018,3.52
4/30/2018,3.51
5/1/2018,3.56
5/2/2018,3.54
5/3/2018,3.53
5/4/2018,3.53
5/7/2018,3.54
5/8/2018,3.55
5/9/2018,3.57
5/10/2018,3.54
5/11/2018,3.52
5/14/2018,3.53
5/15/2018,3.6
5/16/2018,3.62
5/17/2018,3.62
5/18/2018,3.58
5/21/2018,3.59
5/22/2018,3.59
5/23/2018,3.54
5/24/2018,3.51
5/25/2018,3.48
5/28/2018,3.48
5/29/2018,3.36
5/30/2018,3.43
5/31/2018,3.41
6/1/2018,3.47
6/4/2018,3.5
6/5/2018,3.49
6/6/2018,3.54
6/7/2018,3.51
6/8/2018,3.51
6/11/2018,3.53
6/12/2018,3.53
6/13/2018,3.55
6/14/2018,3.52
6/15/2018,3.5
6/18/2018,3.51
6/19/2018,3.5
6/20/2018,3.53
6/21/2018,3.53
6/22/2018,3.54
6/25/2018,3.53
6/26/2018,3.53
6/27/2018,3.47
6/28/2018,3.49
6/29/2018,3.49
6/30/2018,3.51
7/2/2018,3.53
7/3/2018,3.49
7/4/2018,3.49
7/5/2018,3.48
7/6/2018,3.46
7/9/2018,3.48
7/10/2018,3.48
7/11/2018,3.46
7/12/2018,3.46
7/13/2018,3.43
7/16/2018,3.45
7/17/2018,3.46
7/18/2018,3.47
7/19/2018,3.44
7/20/2018,3.48
7/23/2018,3.55
7/24/2018,3.51
7/25/2018,3.5
7/26/2018,3.53
7/27/2018,3.51
7/30/2018,3.52
7/31/2018,3.51
8/1/2018,3.54
8/2/2018,3.53
8/3/2018,3.5
8/6/2018,3.47
8/7/2018,3.49
8/8/2018,3.5
8/9/2018,3.48
8/10/2018,3.44
8/13/2018,3.46
8/14/2018,3.47
8/15/2018,3.44
8/16/2018,3.44
8/17/2018,3.44
8/20/2018,3.39
8/21/2018,3.41
8/22/2018,3.4
8/23/2018,3.4
8/24/2018,3.41
8/27/2018,3.43
8/28/2018,3.46
8/29/2018,3.45
8/30/2018,3.45
8/31/2018,3.49
9/3/2018,3.49
9/4/2018,3.54
9/5/2018,3.53
9/6/2018,3.51
9/7/2018,3.56
9/10/2018,3.55
9/11/2018,3.58
9/12/2018,3.55
9/13/2018,3.54
9/14/2018,3.56
9/17/2018,3.56
9/18/2018,3.6
9/19/2018,3.63
9/20/2018,3.61
9/21/2018,3.61
9/24/2018,3.62
9/25/2018,3.64
9/26/2018,3.61
9/27/2018,3.6
9/28/2018,3.6
9/30/2018,3.61
10/1/2018,3.63
10/2/2018,3.61
10/3/2018,3.69
10/4/2018,3.73
10/5/2018,3.77
10/8/2018,3.77
10/9/2018,3.75
10/10/2018,3.75
10/11/2018,3.71
10/12/2018,3.71
10/15/2018,3.73
10/16/2018,3.72
10/17/2018,3.75
10/18/2018,3.75
10/19/2018,3.78
10/22/2018,3.78
10/23/2018,3.78
10/24/2018,3.73
10/25/2018,3.76
10/26/2018,3.72
10/29/2018,3.73
10/30/2018,3.77
10/31/2018,3.8
11/1/2018,3.79
11/2/2018,3.83
11/5/2018,3.81
11/6/2018,3.81
11/7/2018,3.79
11/8/2018,3.79
11/9/2018,3.76
11/12/2018,3.76
11/13/2018,3.75
11/14/2018,3.74
11/15/2018,3.78
11/16/2018,3.75
11/19/2018,3.75
11/20/2018,3.75
11/21/2018,3.75
11/22/2018,3.75
11/23/2018,3.74
11/26/2018,3.74
11/27/2018,3.75
11/28/2018,3.76
11/29/2018,3.75
11/30/2018,3.77
12/3/2018,3.73
12/4/2018,3.68
12/5/2018,3.68
12/6/2018,3.66
12/7/2018,3.64
12/10/2018,3.65
12/11/2018,3.65
12/12/2018,3.64
12/13/2018,3.63
12/14/2018,3.62
12/17/2018,3.59
12/18/2018,3.55
12/19/2018,3.5
12/20/2018,3.55
12/21/2018,3.56
12/24/2018,3.52
12/25/2018,.
12/26/2018,3.57
12/27/2018,3.55
12/28/2018,3.56
12/31/2018,3.53
1/1/2019,.
1/2/2019,3.5
1/3/2019,3.42
1/4/2019,3.51
1/7/2019,3.5
1/8/2019,3.52
1/9/2019,3.51
1/10/2019,3.52
1/11/2019,3.5
1/14/2019,3.51
1/15/2019,3.51
1/16/2019,3.51
1/17/2019,3.5
1/18/2019,3.5
1/21/2019,3.5
1/22/2019,3.45
1/23/2019,3.45
1/24/2019,3.42
1/25/2019,3.44
1/28/2019,3.43
1/29/2019,3.4
1/30/2019,3.39
1/31/2019,3.33
2/1/2019,3.36
2/4/2019,3.38
2/5/2019,3.35
2/6/2019,3.34
2/7/2019,3.31
2/8/2019,3.3
2/11/2019,3.31
2/12/2019,3.33
2/13/2019,3.34
2/14/2019,3.31
2/15/2019,3.32
2/18/2019,3.32
2/19/2019,3.32
2/20/2019,3.32
2/21/2019,3.36
2/22/2019,3.33
2/25/2019,3.34
2/26/2019,3.32
2/27/2019,3.37
2/28/2019,3.43
3/1/2019,3.45
3/4/2019,3.43
3/5/2019,3.43
3/6/2019,3.41
3/7/2019,3.37
3/8/2019,3.37
3/11/2019,3.38
3/12/2019,3.34
3/13/2019,3.35
3/14/2019,3.37
3/15/2019,3.33
3/18/2019,3.33
3/19/2019,3.35
3/20/2019,3.29
3/21/2019,3.28
3/22/2019,3.2
3/25/2019,3.16
3/26/2019,3.15
3/27/2019,3.13
3/28/2019,3.14
3/29/2019,3.16
3/31/2019,3.16
4/1/2019,3.22
4/2/2019,3.21
4/3/2019,3.24
4/4/2019,3.23
4/5/2019,3.23
4/8/2019,3.24
4/9/2019,3.22
4/10/2019,3.2
4/11/2019,3.22
4/12/2019,3.26
4/15/2019,3.24
4/16/2019,3.28
4/17/2019,3.28
4/18/2019,3.25
4/19/2019,.
4/22/2019,3.28
4/23/2019,3.26
4/24/2019,3.21
4/25/2019,3.23
4/26/2019,3.2
4/29/2019,3.23
4/30/2019,3.21
5/1/2019,3.21
5/2/2019,3.26
5/3/2019,3.24
5/6/2019,3.22
5/7/2019,3.19
5/8/2019,3.22
5/9/2019,3.21
5/10/2019,3.21
5/13/2019,3.19
5/14/2019,3.19
5/15/2019,3.16
5/16/2019,3.17
5/17/2019,3.16
5/20/2019,3.18
5/21/2019,3.2
5/22/2019,3.17
5/23/2019,3.1
5/24/2019,3.13
5/27/2019,3.13
5/28/2019,3.08
5/29/2019,3.07
5/30/2019,3.04
5/31/2019,2.98
6/3/2019,2.93
6/4/2019,2.97
6/5/2019,2.97
6/6/2019,2.97
6/7/2019,2.92
6/10/2019,2.96
6/11/2019,2.95
6/12/2019,2.94
6/13/2019,2.9
6/14/2019,2.91
6/17/2019,2.89
6/18/2019,2.86
6/19/2019,2.82
6/20/2019,2.78
6/21/2019,2.82
6/24/2019,2.77
6/25/2019,2.79
6/26/2019,2.81
6/27/2019,2.76
6/28/2019,2.75
6/30/2019,2.75
7/1/2019,2.77
7/2/2019,2.73
7/3/2019,.
7/4/2019,2.7
7/5/2019,2.79
7/8/2019,2.78
7/9/2019,2.81
7/10/2019,2.8
7/11/2019,2.85
7/12/2019,2.84
7/15/2019,2.83
7/16/2019,2.85
7/17/2019,2.8
7/18/2019,2.77
7/19/2019,2.78
7/22/2019,2.78
7/23/2019,2.79
7/24/2019,2.76
7/25/2019,2.79
7/26/2019,2.79
7/29/2019,2.77
7/30/2019,2.78
7/31/2019,2.76
8/1/2019,2.65
8/2/2019,2.65
8/5/2019,2.59
8/6/2019,2.59
8/7/2019,2.55
8/8/2019,2.56
8/9/2019,2.57
8/12/2019,2.49
8/13/2019,2.52
8/14/2019,2.44
8/15/2019,2.39
8/16/2019,2.38
8/19/2019,2.43
8/20/2019,2.39
8/21/2019,2.4
8/22/2019,2.43
8/23/2019,2.36
8/26/2019,2.38
8/27/2019,2.32
8/28/2019,2.31
8/29/2019,2.35
8/30/2019,2.34
8/31/2019,2.35
9/2/2019,2.35
9/3/2019,2.32
9/4/2019,2.31
9/5/2019,2.41
9/6/2019,2.39
9/9/2019,2.46
9/10/2019,2.54
9/11/2019,2.56
9/12/2019,2.61
9/13/2019,2.71
9/16/2019,2.66
9/17/2019,2.63
9/18/2019,2.6
9/19/2019,2.57
9/20/2019,2.55
9/23/2019,2.51
9/24/2019,2.45
9/25/2019,2.54
9/26/2019,2.49
9/27/2019,2.48
9/30/2019,2.49
10/1/2019,2.46
10/2/2019,2.43
10/3/2019,2.38
10/4/2019,2.35
10/7/2019,2.39
10/8/2019,2.38
10/9/2019,2.42
10/10/2019,2.47
10/11/2019,2.53
10/14/2019,2.53
10/15/2019,2.53
10/16/2019,2.5
10/17/2019,2.5
10/18/2019,2.49
10/21/2019,2.53
10/22/2019,2.5
10/23/2019,2.5
10/24/2019,2.5
10/25/2019,2.53
10/28/2019,2.56
10/29/2019,2.56
10/30/2019,2.54
10/31/2019,2.46
11/1/2019,2.49
11/4/2019,2.53
11/5/2019,2.59
11/6/2019,2.54
11/7/2019,2.62
11/8/2019,2.62
11/11/2019,2.62
11/12/2019,2.6
11/13/2019,2.58
11/14/2019,2.54
11/15/2019,2.55
11/18/2019,2.52
11/19/2019,2.51
11/20/2019,2.48
11/21/2019,2.52
11/22/2019,2.52
11/25/2019,2.5
11/26/2019,2.47
11/27/2019,2.48
11/28/2019,.
11/29/2019,2.48
11/30/2019,2.51
12/2/2019,2.57
12/3/2019,2.46
12/4/2019,2.51
12/5/2019,2.51
12/6/2019,2.54
12/9/2019,2.53
12/10/2019,2.53
12/11/2019,2.51
12/12/2019,2.58
12/13/2019,2.49
12/16/2019,2.54
12/17/2019,2.54
12/18/2019,2.56
12/19/2019,2.55
12/20/2019,2.56
12/23/2019,2.57
12/24/2019,2.55
12/25/2019,.
12/26/2019,2.55
12/27/2019,2.51
12/30/2019,2.53
12/31/2019,2.55
1/1/2020,.
1/2/2020,2.53
1/3/2020,2.47
1/6/2020,2.52
1/7/2020,2.54
1/8/2020,2.58
1/9/2020,2.54
1/10/2020,2.51
1/13/2020,2.52
1/14/2020,2.51
1/15/2020,2.48
1/16/2020,2.49
1/17/2020,2.5
1/20/2020,2.5
1/21/2020,2.44
1/22/2020,2.42
1/23/2020,2.4
1/24/2020,2.36
1/27/2020,2.32
1/28/2020,2.35
1/29/2020,2.3
1/30/2020,2.3
1/31/2020,2.28
2/3/2020,2.29
2/4/2020,2.34
2/5/2020,2.36
2/6/2020,2.35
2/7/2020,2.27
2/10/2020,2.26
2/11/2020,2.29
2/12/2020,2.31
2/13/2020,2.31
2/14/2020,2.28
2/17/2020,2.28
2/18/2020,2.26
2/19/2020,2.27
2/20/2020,2.25
2/21/2020,2.22
2/24/2020,2.17
2/25/2020,2.14
2/26/2020,2.13
2/27/2020,2.17
2/28/2020,2.05
2/29/2020,2.07
3/2/2020,2.03
3/3/2020,1.95
3/4/2020,1.92
3/5/2020,1.88
3/6/2020,1.79
3/9/2020,1.79
3/10/2020,1.98
3/11/2020,2.06
3/12/2020,2.27
3/13/2020,2.39
3/16/2020,2.28
3/17/2020,2.58
3/18/2020,2.96
3/19/2020,3.1
3/20/2020,3.36
3/23/2020,3.04
3/24/2020,2.76
3/25/2020,2.51
3/26/2020,2.39
3/27/2020,2.24
3/30/2020,2.11
3/31/2020,2.08
4/1/2020,2.14
4/2/2020,2.1
4/3/2020,2.12
4/6/2020,2.13
4/7/2020,2.11
4/8/2020,2.07
4/9/2020,1.93
4/10/2020,.
4/13/2020,1.91
4/14/2020,1.89
4/15/2020,1.85
4/16/2020,1.81
4/17/2020,1.81
4/20/2020,1.81
4/21/2020,1.8
4/22/2020,1.83
4/23/2020,1.79
4/24/2020,1.79
