DATE,BAMLH0A1HYBB
12/31/1996,1.95
1/1/1997,.
1/2/1997,1.92
1/3/1997,1.94
1/6/1997,1.94
1/7/1997,1.93
1/8/1997,1.91
1/9/1997,1.96
1/10/1997,2.02
1/13/1997,1.9
1/14/1997,1.92
1/15/1997,1.91
1/16/1997,1.88
1/17/1997,1.88
1/20/1997,1.88
1/21/1997,1.9
1/22/1997,1.86
1/23/1997,1.84
1/24/1997,1.82
1/27/1997,1.79
1/28/1997,1.81
1/29/1997,1.81
1/30/1997,1.82
1/31/1997,1.86
2/3/1997,1.87
2/4/1997,1.88
2/5/1997,1.85
2/6/1997,1.84
2/7/1997,1.86
2/10/1997,1.84
2/11/1997,1.84
2/12/1997,1.83
2/13/1997,1.84
2/14/1997,1.84
2/17/1997,.
2/18/1997,1.82
2/19/1997,1.8
2/20/1997,1.76
2/21/1997,1.77
2/24/1997,1.75
2/25/1997,1.73
2/26/1997,1.66
2/27/1997,1.66
2/28/1997,1.68
3/3/1997,1.66
3/4/1997,1.64
3/5/1997,1.65
3/6/1997,1.65
3/7/1997,1.67
3/10/1997,1.66
3/11/1997,1.65
3/12/1997,1.63
3/13/1997,1.59
3/14/1997,1.61
3/17/1997,1.61
3/18/1997,1.61
3/19/1997,1.6
3/20/1997,1.6
3/21/1997,1.6
3/24/1997,1.61
3/25/1997,1.61
3/26/1997,1.61
3/27/1997,1.58
3/28/1997,.
3/31/1997,1.66
4/1/1997,1.71
4/2/1997,1.72
4/3/1997,1.73
4/4/1997,1.72
4/7/1997,1.75
4/8/1997,1.73
4/9/1997,1.73
4/10/1997,1.72
4/11/1997,1.69
4/14/1997,1.7
4/15/1997,1.74
4/16/1997,1.72
4/17/1997,1.73
4/18/1997,1.73
4/21/1997,1.71
4/22/1997,1.74
4/23/1997,1.71
4/24/1997,1.68
4/25/1997,1.68
4/28/1997,1.69
4/29/1997,1.75
4/30/1997,1.75
5/1/1997,1.74
5/2/1997,1.73
5/5/1997,1.72
5/6/1997,1.71
5/7/1997,1.67
5/8/1997,1.69
5/9/1997,1.7
5/12/1997,1.69
5/13/1997,1.65
5/14/1997,1.62
5/15/1997,1.64
5/16/1997,1.62
5/19/1997,1.62
5/20/1997,1.63
5/21/1997,1.61
5/22/1997,1.59
5/23/1997,1.6
5/26/1997,.
5/27/1997,1.57
5/28/1997,1.57
5/29/1997,1.57
5/30/1997,1.61
5/31/1997,1.64
6/2/1997,1.62
6/3/1997,1.61
6/4/1997,1.59
6/5/1997,1.59
6/6/1997,1.64
6/9/1997,1.56
6/10/1997,1.54
6/11/1997,1.54
6/12/1997,1.56
6/13/1997,1.56
6/16/1997,1.53
6/17/1997,1.53
6/18/1997,1.55
6/19/1997,1.55
6/20/1997,1.58
6/23/1997,1.54
6/24/1997,1.54
6/25/1997,1.55
6/26/1997,1.56
6/27/1997,1.57
6/30/1997,1.52
7/1/1997,1.54
7/2/1997,1.53
7/3/1997,1.62
7/4/1997,.
7/7/1997,1.61
7/8/1997,1.6
7/9/1997,1.59
7/10/1997,1.58
7/11/1997,1.55
7/14/1997,1.49
7/15/1997,1.48
7/16/1997,1.48
7/17/1997,1.49
7/18/1997,1.48
7/21/1997,1.46
7/22/1997,1.49
7/23/1997,1.44
7/24/1997,1.45
7/25/1997,1.44
7/28/1997,1.45
7/29/1997,1.46
7/30/1997,1.49
7/31/1997,1.51
8/1/1997,1.41
8/4/1997,1.41
8/5/1997,1.41
8/6/1997,1.43
8/7/1997,1.41
8/8/1997,1.36
8/11/1997,1.36
8/12/1997,1.39
8/13/1997,1.39
8/14/1997,1.37
8/15/1997,1.41
8/18/1997,1.45
8/19/1997,1.45
8/20/1997,1.45
8/21/1997,1.43
8/22/1997,1.38
8/25/1997,1.37
8/26/1997,1.38
8/27/1997,1.37
8/28/1997,1.43
8/29/1997,1.41
8/31/1997,1.44
9/1/1997,.
9/2/1997,1.46
9/3/1997,1.44
9/4/1997,1.44
9/5/1997,1.44
9/8/1997,1.43
9/9/1997,1.44
9/10/1997,1.39
9/11/1997,1.4
9/12/1997,1.46
9/15/1997,1.46
9/16/1997,1.51
9/17/1997,1.47
9/18/1997,1.44
9/19/1997,1.43
9/22/1997,1.41
9/23/1997,1.43
9/24/1997,1.46
9/25/1997,1.42
9/26/1997,1.41
9/29/1997,1.42
9/30/1997,1.46
10/1/1997,1.47
10/2/1997,1.49
10/3/1997,1.48
10/6/1997,1.49
10/7/1997,1.49
10/8/1997,1.4
10/9/1997,1.42
10/10/1997,1.42
10/13/1997,1.48
10/14/1997,1.41
10/15/1997,1.4
10/16/1997,1.4
10/17/1997,1.39
10/20/1997,1.39
10/21/1997,1.39
10/22/1997,1.39
10/23/1997,1.45
10/24/1997,1.47
10/27/1997,1.61
10/28/1997,1.61
10/29/1997,1.61
10/30/1997,1.66
10/31/1997,1.68
11/3/1997,1.62
11/4/1997,1.6
11/5/1997,1.59
11/6/1997,1.61
11/7/1997,1.59
11/10/1997,1.61
11/11/1997,1.6
11/12/1997,1.61
11/13/1997,1.63
11/14/1997,1.65
11/17/1997,1.66
11/18/1997,1.66
11/19/1997,1.66
11/20/1997,1.65
11/21/1997,1.65
11/24/1997,1.62
11/25/1997,1.63
11/26/1997,1.6
11/27/1997,1.6
11/28/1997,1.6
11/30/1997,1.61
12/1/1997,1.63
12/2/1997,1.61
12/3/1997,1.63
12/4/1997,1.63
12/5/1997,1.58
12/8/1997,1.57
12/9/1997,1.58
12/10/1997,1.59
12/11/1997,1.63
12/12/1997,1.67
12/15/1997,1.63
12/16/1997,1.63
12/17/1997,1.63
12/18/1997,1.61
12/19/1997,1.64
12/22/1997,1.64
12/23/1997,1.65
12/24/1997,1.65
12/25/1997,.
12/26/1997,1.64
12/29/1997,1.63
12/30/1997,1.62
12/31/1997,1.68
1/1/1998,.
1/2/1998,1.71
1/5/1998,1.73
1/6/1998,1.74
1/7/1998,1.74
1/8/1998,1.78
1/9/1998,1.81
1/12/1998,1.82
1/13/1998,1.83
1/14/1998,1.81
1/15/1998,1.8
1/16/1998,1.78
1/19/1998,1.78
1/20/1998,1.77
1/21/1998,1.78
1/22/1998,1.78
1/23/1998,1.75
1/26/1998,1.77
1/27/1998,1.75
1/28/1998,1.74
1/29/1998,1.78
1/30/1998,1.78
1/31/1998,1.75
2/2/1998,1.74
2/3/1998,1.73
2/4/1998,1.74
2/5/1998,1.73
2/6/1998,1.73
2/9/1998,1.72
2/10/1998,1.72
2/11/1998,1.73
2/12/1998,1.71
2/13/1998,1.73
2/16/1998,1.72
2/17/1998,1.7
2/18/1998,1.72
2/19/1998,1.72
2/20/1998,1.7
2/23/1998,1.69
2/24/1998,1.67
2/25/1998,1.69
2/26/1998,1.68
2/27/1998,1.69
2/28/1998,1.74
3/2/1998,1.7
3/3/1998,1.7
3/4/1998,1.71
3/5/1998,1.71
3/6/1998,1.73
3/9/1998,1.74
3/10/1998,1.74
3/11/1998,1.75
3/12/1998,1.78
3/13/1998,1.77
3/16/1998,1.77
3/17/1998,1.75
3/18/1998,1.74
3/19/1998,1.74
3/20/1998,1.73
3/23/1998,1.73
3/24/1998,1.72
3/25/1998,1.72
3/26/1998,1.71
3/27/1998,1.69
3/30/1998,1.67
3/31/1998,1.71
4/1/1998,1.7
4/2/1998,1.74
4/3/1998,1.76
4/6/1998,1.74
4/7/1998,1.75
4/8/1998,1.74
4/9/1998,1.74
4/10/1998,.
4/13/1998,1.72
4/14/1998,1.73
4/15/1998,1.74
4/16/1998,1.74
4/17/1998,1.72
4/20/1998,1.7
4/21/1998,1.69
4/22/1998,1.69
4/23/1998,1.69
4/24/1998,1.69
4/27/1998,1.66
4/28/1998,1.66
4/29/1998,1.66
4/30/1998,1.8
5/1/1998,1.8
5/4/1998,1.78
5/5/1998,1.77
5/6/1998,1.79
5/7/1998,1.8
5/8/1998,1.78
5/11/1998,1.75
5/12/1998,1.79
5/13/1998,1.8
5/14/1998,1.78
5/15/1998,1.77
5/18/1998,1.8
5/19/1998,1.79
5/20/1998,1.81
5/21/1998,1.78
5/22/1998,1.79
5/25/1998,1.78
5/26/1998,1.8
5/27/1998,1.81
5/28/1998,1.79
5/29/1998,1.81
5/31/1998,1.86
6/1/1998,1.88
6/2/1998,1.87
6/3/1998,1.87
6/4/1998,1.85
6/5/1998,1.85
6/8/1998,1.85
6/9/1998,1.85
6/10/1998,1.87
6/11/1998,1.89
6/12/1998,1.9
6/15/1998,1.93
6/16/1998,1.9
6/17/1998,1.9
6/18/1998,1.9
6/19/1998,1.91
6/22/1998,1.91
6/23/1998,1.92
6/24/1998,1.91
6/25/1998,1.9
6/26/1998,1.9
6/29/1998,1.9
6/30/1998,1.99
7/1/1998,2.01
7/2/1998,2.03
7/3/1998,2.03
7/6/1998,2.04
7/7/1998,2.02
7/8/1998,2
7/9/1998,2.02
7/10/1998,2.02
7/13/1998,1.98
7/14/1998,1.97
7/15/1998,1.95
7/16/1998,1.95
7/17/1998,1.95
7/20/1998,1.95
7/21/1998,1.95
7/22/1998,1.95
7/23/1998,1.95
7/24/1998,1.94
7/27/1998,1.95
7/28/1998,1.85
7/29/1998,1.95
7/30/1998,1.96
7/31/1998,2.03
8/3/1998,2.05
8/4/1998,2.08
8/5/1998,2.08
8/6/1998,2.09
8/7/1998,2.11
8/10/1998,2.12
8/11/1998,2.25
8/12/1998,2.26
8/13/1998,2.25
8/14/1998,2.26
8/17/1998,2.28
8/18/1998,2.32
8/19/1998,2.32
8/20/1998,2.33
8/21/1998,2.44
8/24/1998,2.48
8/25/1998,2.52
8/26/1998,2.58
8/27/1998,2.77
8/28/1998,2.91
8/31/1998,3.02
9/1/1998,3.04
9/2/1998,3.1
9/3/1998,3.14
9/4/1998,3.16
9/7/1998,3.14
9/8/1998,3.11
9/9/1998,3.24
9/10/1998,3.34
9/11/1998,3.36
9/14/1998,3.38
9/15/1998,3.36
9/16/1998,3.36
9/17/1998,3.32
9/18/1998,3.36
9/21/1998,3.34
9/22/1998,3.33
9/23/1998,3.34
9/24/1998,3.35
9/25/1998,3.36
9/28/1998,3.34
9/29/1998,3.36
9/30/1998,3.34
10/1/1998,3.44
10/2/1998,3.46
10/5/1998,3.54
10/6/1998,3.51
10/7/1998,3.42
10/8/1998,3.49
10/9/1998,3.46
10/12/1998,3.45
10/13/1998,3.49
10/14/1998,3.62
10/15/1998,3.74
10/16/1998,3.83
10/19/1998,3.84
10/20/1998,3.75
10/21/1998,3.73
10/22/1998,3.64
10/23/1998,3.56
10/26/1998,3.58
10/27/1998,3.62
10/28/1998,3.64
10/29/1998,3.66
10/30/1998,3.57
10/31/1998,3.61
11/2/1998,3.52
11/3/1998,3.49
11/4/1998,3.42
11/5/1998,3.4
11/6/1998,3.33
11/9/1998,3.32
11/10/1998,3.3
11/11/1998,3.28
11/12/1998,3.27
11/13/1998,3.24
11/16/1998,3.17
11/17/1998,3.13
11/18/1998,3.15
11/19/1998,3.12
11/20/1998,3.11
11/23/1998,3.09
11/24/1998,3.05
11/25/1998,3.04
11/26/1998,3.04
11/27/1998,3.05
11/30/1998,3.14
12/1/1998,3.16
12/2/1998,3.17
12/3/1998,3.15
12/4/1998,3.17
12/7/1998,3.11
12/8/1998,3.15
12/9/1998,3.15
12/10/1998,3.16
12/11/1998,3.13
12/14/1998,3.16
12/15/1998,3.13
12/16/1998,3.16
12/17/1998,3.16
12/18/1998,3.14
12/21/1998,3.11
12/22/1998,3.09
12/23/1998,3.03
12/24/1998,3.01
12/25/1998,.
12/28/1998,3.05
12/29/1998,3.07
12/30/1998,3.08
12/31/1998,3.2
1/1/1999,.
1/4/1999,3.19
1/5/1999,3.17
1/6/1999,3.17
1/7/1999,3.15
1/8/1999,3.09
1/11/1999,3.06
1/12/1999,3.13
1/13/1999,3.23
1/14/1999,3.28
1/15/1999,3.27
1/18/1999,3.27
1/19/1999,3.22
1/20/1999,3.17
1/21/1999,3.18
1/22/1999,3.21
1/25/1999,3.2
1/26/1999,3.22
1/27/1999,3.21
1/28/1999,3.21
1/29/1999,3.2
1/31/1999,3.14
2/1/1999,3.11
2/2/1999,3.07
2/3/1999,3.03
2/4/1999,3
2/5/1999,2.95
2/8/1999,2.96
2/9/1999,3
2/10/1999,2.94
2/11/1999,2.91
2/12/1999,2.86
2/15/1999,2.84
2/16/1999,2.86
2/17/1999,2.87
2/18/1999,2.82
2/19/1999,2.8
2/22/1999,2.85
2/23/1999,2.81
2/24/1999,2.78
2/25/1999,2.71
2/26/1999,2.78
2/28/1999,2.82
3/1/1999,2.78
3/2/1999,2.84
3/3/1999,2.8
3/4/1999,2.8
3/5/1999,2.86
3/8/1999,2.88
3/9/1999,2.89
3/10/1999,2.87
3/11/1999,2.86
3/12/1999,2.88
3/15/1999,2.87
3/16/1999,2.87
3/17/1999,2.84
3/18/1999,2.85
3/19/1999,2.79
3/22/1999,2.78
3/23/1999,2.8
3/24/1999,2.8
3/25/1999,2.77
3/26/1999,2.78
3/29/1999,2.75
3/30/1999,2.77
3/31/1999,2.82
4/1/1999,2.77
4/2/1999,2.8
4/5/1999,2.82
4/6/1999,2.83
4/7/1999,2.82
4/8/1999,2.85
4/9/1999,2.84
4/12/1999,2.81
4/13/1999,2.79
4/14/1999,2.78
4/15/1999,2.76
4/16/1999,2.73
4/19/1999,2.73
4/20/1999,2.75
4/21/1999,2.75
4/22/1999,2.71
4/23/1999,2.72
4/26/1999,2.72
4/27/1999,2.71
4/28/1999,2.7
4/29/1999,2.73
4/30/1999,2.69
5/3/1999,2.66
5/4/1999,2.63
5/5/1999,2.65
5/6/1999,2.6
5/7/1999,2.6
5/10/1999,2.62
5/11/1999,2.6
5/12/1999,2.63
5/13/1999,2.68
5/14/1999,2.62
5/17/1999,2.6
5/18/1999,2.57
5/19/1999,2.63
5/20/1999,2.66
5/21/1999,2.7
5/24/1999,2.72
5/25/1999,2.73
5/26/1999,2.71
5/27/1999,2.67
5/28/1999,2.69
5/31/1999,2.71
6/1/1999,2.64
6/2/1999,2.65
6/3/1999,2.67
6/4/1999,2.68
6/7/1999,2.67
6/8/1999,2.67
6/9/1999,2.64
6/10/1999,2.64
6/11/1999,2.61
6/14/1999,2.62
6/15/1999,2.62
6/16/1999,2.63
6/17/1999,2.7
6/18/1999,2.67
6/21/1999,2.64
6/22/1999,2.62
6/23/1999,2.59
6/24/1999,2.58
6/25/1999,2.59
6/28/1999,2.63
6/29/1999,2.64
6/30/1999,2.84
7/1/1999,2.78
7/2/1999,2.78
7/5/1999,2.8
7/6/1999,2.77
7/7/1999,2.77
7/8/1999,2.82
7/9/1999,2.81
7/12/1999,2.86
7/13/1999,2.86
7/14/1999,2.84
7/15/1999,2.83
7/16/1999,2.85
7/19/1999,2.85
7/20/1999,2.86
7/21/1999,2.86
7/22/1999,2.82
7/23/1999,2.81
7/26/1999,2.8
7/27/1999,2.84
7/28/1999,2.85
7/29/1999,2.83
7/30/1999,2.81
7/31/1999,2.62
8/2/1999,2.63
8/3/1999,2.65
8/4/1999,2.68
8/5/1999,2.73
8/6/1999,2.67
8/9/1999,2.61
8/10/1999,2.64
8/11/1999,2.65
8/12/1999,2.63
8/13/1999,2.68
8/16/1999,2.67
8/17/1999,2.71
8/18/1999,2.76
8/19/1999,2.76
8/20/1999,2.77
8/23/1999,2.75
8/24/1999,2.79
8/25/1999,2.85
8/26/1999,2.83
8/27/1999,2.79
8/30/1999,2.76
8/31/1999,2.79
9/1/1999,2.79
9/2/1999,2.79
9/3/1999,2.85
9/6/1999,2.84
9/7/1999,2.81
9/8/1999,2.83
9/9/1999,2.83
9/10/1999,2.87
9/13/1999,2.85
9/14/1999,2.84
9/15/1999,2.85
9/16/1999,2.88
9/17/1999,2.89
9/20/1999,2.87
9/21/1999,2.86
9/22/1999,2.88
9/23/1999,2.91
9/24/1999,2.99
9/27/1999,2.98
9/28/1999,2.92
9/29/1999,2.87
9/30/1999,2.84
10/1/1999,2.81
10/4/1999,2.79
10/5/1999,2.9
10/6/1999,2.82
10/7/1999,2.8
10/8/1999,2.8
10/11/1999,2.79
10/12/1999,2.78
10/13/1999,2.82
10/14/1999,2.79
10/15/1999,2.78
10/18/1999,2.83
10/19/1999,2.84
10/20/1999,2.76
10/21/1999,2.84
10/22/1999,2.81
10/25/1999,2.77
10/26/1999,2.81
10/27/1999,2.83
10/28/1999,2.89
10/29/1999,2.94
10/31/1999,2.99
11/1/1999,3.02
11/2/1999,3.05
11/3/1999,3.04
11/4/1999,3.04
11/5/1999,3.04
11/8/1999,3.01
11/9/1999,3.01
11/10/1999,3.01
11/11/1999,3.04
11/12/1999,3.08
11/15/1999,3.07
11/16/1999,3.03
11/17/1999,3.01
11/18/1999,3
11/19/1999,2.99
11/22/1999,2.96
11/23/1999,2.96
11/24/1999,2.95
11/25/1999,2.95
11/26/1999,2.93
11/29/1999,2.88
11/30/1999,2.91
12/1/1999,2.88
12/2/1999,2.89
12/3/1999,2.91
12/6/1999,2.91
12/7/1999,2.91
12/8/1999,2.86
12/9/1999,2.87
12/10/1999,2.88
12/13/1999,2.87
12/14/1999,2.81
12/15/1999,2.76
12/16/1999,2.74
12/17/1999,2.73
12/20/1999,2.71
12/21/1999,2.7
12/22/1999,2.69
12/23/1999,2.68
12/24/1999,2.68
12/27/1999,2.69
12/28/1999,2.67
12/29/1999,2.7
12/30/1999,2.71
12/31/1999,2.76
1/3/2000,2.72
1/4/2000,2.79
1/5/2000,2.78
1/6/2000,2.81
1/7/2000,2.84
1/10/2000,2.8
1/11/2000,2.75
1/12/2000,2.74
1/13/2000,2.8
1/14/2000,2.78
1/17/2000,2.79
1/18/2000,2.78
1/19/2000,2.8
1/20/2000,2.78
1/21/2000,2.78
1/24/2000,2.85
1/25/2000,2.83
1/26/2000,2.84
1/27/2000,2.83
1/28/2000,2.82
1/31/2000,2.91
2/1/2000,2.94
2/2/2000,2.95
2/3/2000,3.05
2/4/2000,2.9
2/7/2000,2.92
2/8/2000,2.87
2/9/2000,2.86
2/10/2000,2.85
2/11/2000,2.87
2/14/2000,2.95
2/15/2000,2.92
2/16/2000,2.95
2/17/2000,2.92
2/18/2000,2.98
2/21/2000,2.98
2/22/2000,3.08
2/23/2000,3.02
2/24/2000,3.08
2/25/2000,3.11
2/28/2000,3.06
2/29/2000,3.1
3/1/2000,3.12
3/2/2000,3.13
3/3/2000,3.14
3/6/2000,3.12
3/7/2000,3.14
3/8/2000,3.18
3/9/2000,3.2
3/10/2000,3.16
3/13/2000,3.18
3/14/2000,3.22
3/15/2000,3.29
3/16/2000,3.37
3/17/2000,3.38
3/20/2000,3.39
3/21/2000,3.41
3/22/2000,3.45
3/23/2000,3.47
3/24/2000,3.41
3/27/2000,3.4
3/28/2000,3.46
3/29/2000,3.54
3/30/2000,3.63
3/31/2000,3.7
4/3/2000,3.73
4/4/2000,3.84
4/5/2000,3.82
4/6/2000,3.77
4/7/2000,3.78
4/10/2000,3.8
4/11/2000,3.77
4/12/2000,3.72
4/13/2000,3.76
4/14/2000,3.8
4/17/2000,3.75
4/18/2000,3.76
4/19/2000,3.79
4/20/2000,3.8
4/21/2000,.
4/24/2000,3.82
4/25/2000,3.73
4/26/2000,3.76
4/27/2000,3.72
4/28/2000,3.77
4/30/2000,4.05
5/1/2000,4.04
5/2/2000,4.02
5/3/2000,4.03
5/4/2000,4.01
5/5/2000,4.06
5/8/2000,4.08
5/9/2000,4.12
5/10/2000,4.15
5/11/2000,4.12
5/12/2000,4.05
5/15/2000,4.04
5/16/2000,4.06
5/17/2000,4.1
5/18/2000,4.08
5/19/2000,4.12
5/22/2000,4.15
5/23/2000,4.19
5/24/2000,4.18
5/25/2000,4.29
5/26/2000,4.34
5/29/2000,4.35
5/30/2000,4.29
5/31/2000,4.13
6/1/2000,4.16
6/2/2000,4.17
6/5/2000,4.19
6/6/2000,4.15
6/7/2000,4.13
6/8/2000,4.13
6/9/2000,4.11
6/12/2000,4.12
6/13/2000,4.11
6/14/2000,4.13
6/15/2000,4.09
6/16/2000,4.13
6/19/2000,4.12
6/20/2000,4.08
6/21/2000,4.03
6/22/2000,4.04
6/23/2000,3.97
6/26/2000,4.04
6/27/2000,4.04
6/28/2000,4.01
6/29/2000,4.02
6/30/2000,4.09
7/3/2000,4.13
7/4/2000,4.13
7/5/2000,4.13
7/6/2000,4.1
7/7/2000,4.12
7/10/2000,4.08
7/11/2000,4.06
7/12/2000,4.05
7/13/2000,4.07
7/14/2000,3.99
7/17/2000,3.95
7/18/2000,3.93
7/19/2000,3.94
7/20/2000,4.05
7/21/2000,4.05
7/24/2000,4.02
7/25/2000,4.02
7/26/2000,3.98
7/27/2000,4.03
7/28/2000,4.02
7/31/2000,4.06
8/1/2000,4.12
8/2/2000,4.12
8/3/2000,4.12
8/4/2000,4.15
8/7/2000,4.11
8/8/2000,4.14
8/9/2000,4.12
8/10/2000,4.13
8/11/2000,4.09
8/14/2000,4.08
8/15/2000,4.07
8/16/2000,4.06
8/17/2000,4.08
8/18/2000,4.1
8/21/2000,4.1
8/22/2000,4.09
8/23/2000,4.11
8/24/2000,4.13
8/25/2000,4.11
8/28/2000,4.08
8/29/2000,4.04
8/30/2000,4.03
8/31/2000,3.88
9/1/2000,3.93
9/4/2000,3.93
9/5/2000,3.92
9/6/2000,3.89
9/7/2000,3.86
9/8/2000,3.87
9/11/2000,3.85
9/12/2000,3.87
9/13/2000,3.88
9/14/2000,3.87
9/15/2000,3.83
9/18/2000,3.84
9/19/2000,3.83
9/20/2000,3.87
9/21/2000,3.86
9/22/2000,3.84
9/25/2000,3.9
9/26/2000,3.96
9/27/2000,4.02
9/28/2000,4.03
9/29/2000,4.05
9/30/2000,3.97
10/2/2000,4.01
10/3/2000,3.98
10/4/2000,4
10/5/2000,4.09
10/6/2000,4.12
10/9/2000,4.14
10/10/2000,4.22
10/11/2000,4.33
10/12/2000,4.42
10/13/2000,4.48
10/16/2000,4.45
10/17/2000,4.58
10/18/2000,4.65
10/19/2000,4.65
10/20/2000,4.65
10/23/2000,4.67
10/24/2000,4.63
10/25/2000,4.6
10/26/2000,4.69
10/27/2000,4.68
10/30/2000,4.67
10/31/2000,4.59
11/1/2000,4.56
11/2/2000,4.57
11/3/2000,4.48
11/6/2000,4.46
11/7/2000,4.46
11/8/2000,4.43
11/9/2000,4.47
11/10/2000,4.48
11/13/2000,4.51
11/14/2000,4.5
11/15/2000,4.5
11/16/2000,4.57
11/17/2000,4.57
11/20/2000,4.59
11/21/2000,4.64
11/22/2000,4.71
11/23/2000,4.71
11/24/2000,4.69
11/27/2000,4.7
11/28/2000,4.74
11/29/2000,4.83
11/30/2000,4.5
12/1/2000,4.46
12/4/2000,4.48
12/5/2000,4.52
12/6/2000,4.55
12/7/2000,4.56
12/8/2000,4.52
12/11/2000,4.54
12/12/2000,4.52
12/13/2000,4.54
12/14/2000,4.55
12/15/2000,4.53
12/18/2000,4.56
12/19/2000,4.53
12/20/2000,4.61
12/21/2000,4.62
12/22/2000,4.63
12/25/2000,.
12/26/2000,4.63
12/27/2000,4.59
12/28/2000,4.57
12/29/2000,4.57
12/31/2000,4.69
1/1/2001,.
1/2/2001,4.83
1/3/2001,4.66
1/4/2001,4.67
1/5/2001,4.73
1/8/2001,4.68
1/9/2001,4.54
1/10/2001,4.47
1/11/2001,4.39
1/12/2001,4.3
1/15/2001,4.29
1/16/2001,4.3
1/17/2001,4.32
1/18/2001,4.36
1/19/2001,4.28
1/22/2001,4.22
1/23/2001,4.17
1/24/2001,4.17
1/25/2001,4.16
1/26/2001,4.17
1/29/2001,4.14
1/30/2001,4.11
1/31/2001,4.11
2/1/2001,4.1
2/2/2001,4.01
2/5/2001,3.97
2/6/2001,3.93
2/7/2001,3.96
2/8/2001,3.94
2/9/2001,3.94
2/12/2001,3.92
2/13/2001,3.88
2/14/2001,3.82
2/15/2001,3.77
2/16/2001,3.85
2/19/2001,3.85
2/20/2001,3.87
2/21/2001,3.87
2/22/2001,3.89
2/23/2001,3.96
2/26/2001,4
2/27/2001,4.01
2/28/2001,4.11
3/1/2001,4.1
3/2/2001,4.02
3/5/2001,4
3/6/2001,3.96
3/7/2001,3.97
3/8/2001,3.95
3/9/2001,3.9
3/12/2001,3.9
3/13/2001,3.9
3/14/2001,4
3/15/2001,4.03
3/16/2001,4.04
3/19/2001,4.02
3/20/2001,4.07
3/21/2001,4.12
3/22/2001,4.18
3/23/2001,4.12
3/26/2001,4.12
3/27/2001,4.01
3/28/2001,4.05
3/29/2001,4.08
3/30/2001,4.11
3/31/2001,4.25
4/2/2001,4.26
4/3/2001,4.37
4/4/2001,4.41
4/5/2001,4.35
4/6/2001,4.41
4/9/2001,4.43
4/10/2001,4.34
4/11/2001,4.3
4/12/2001,4.26
4/13/2001,.
4/16/2001,4.16
4/17/2001,4.22
4/18/2001,4.28
4/19/2001,4.35
4/20/2001,4.36
4/23/2001,4.45
4/24/2001,4.47
4/25/2001,4.03
4/26/2001,4.06
4/27/2001,3.95
4/30/2001,4.21
5/1/2001,4.19
5/2/2001,4.11
5/3/2001,4.13
5/4/2001,4.15
5/7/2001,4.12
5/8/2001,4.12
5/9/2001,4.13
5/10/2001,4.08
5/11/2001,3.9
5/14/2001,3.95
5/15/2001,3.85
5/16/2001,3.85
5/17/2001,3.83
5/18/2001,3.82
5/21/2001,3.81
5/22/2001,3.82
5/23/2001,3.81
5/24/2001,3.74
5/25/2001,3.74
5/28/2001,3.74
5/29/2001,3.72
5/30/2001,3.76
5/31/2001,3.6
6/1/2001,3.59
6/4/2001,3.62
6/5/2001,3.67
6/6/2001,3.64
6/7/2001,3.61
6/8/2001,3.59
6/11/2001,3.62
6/12/2001,3.66
6/13/2001,3.69
6/14/2001,3.78
6/15/2001,3.8
6/18/2001,3.87
6/19/2001,3.93
6/20/2001,3.98
6/21/2001,3.98
6/22/2001,4.04
6/25/2001,4.02
6/26/2001,3.98
6/27/2001,3.93
6/28/2001,3.87
6/29/2001,3.84
6/30/2001,3.91
7/2/2001,3.96
7/3/2001,3.93
7/4/2001,3.93
7/5/2001,3.91
7/6/2001,3.95
7/9/2001,3.96
7/10/2001,4.02
7/11/2001,3.99
7/12/2001,4.01
7/13/2001,3.99
7/16/2001,3.99
7/17/2001,3.99
7/18/2001,4.08
7/19/2001,4.03
7/20/2001,4.03
7/23/2001,4.01
7/24/2001,4.04
7/25/2001,4.03
7/26/2001,4.03
7/27/2001,4.05
7/30/2001,4.05
7/31/2001,4.13
8/1/2001,4.07
8/2/2001,4
8/3/2001,3.99
8/6/2001,3.98
8/7/2001,3.96
8/8/2001,4.01
8/9/2001,3.99
8/10/2001,4.02
8/13/2001,4.06
8/14/2001,4.03
8/15/2001,3.98
8/16/2001,4.02
8/17/2001,4.07
8/20/2001,4.02
8/21/2001,4.04
8/22/2001,4.01
8/23/2001,4.02
8/24/2001,4.01
8/27/2001,4.01
8/28/2001,4.05
8/29/2001,4.08
8/30/2001,4.07
8/31/2001,4.09
9/3/2001,4.1
9/4/2001,3.96
9/5/2001,4.02
9/6/2001,4.12
9/7/2001,4.22
9/10/2001,4.2
9/11/2001,.
9/12/2001,.
9/13/2001,.
9/14/2001,5.14
9/17/2001,5.33
9/18/2001,5.28
9/19/2001,5.39
9/20/2001,5.48
9/21/2001,5.64
9/24/2001,5.71
9/25/2001,5.57
9/26/2001,5.65
9/27/2001,5.71
9/28/2001,5.83
9/30/2001,5.89
10/1/2001,5.88
10/2/2001,5.88
10/3/2001,5.85
10/4/2001,5.87
10/5/2001,5.84
10/8/2001,5.82
10/9/2001,5.79
10/10/2001,5.72
10/11/2001,5.64
10/12/2001,5.62
10/15/2001,5.56
10/16/2001,5.52
10/17/2001,5.52
10/18/2001,5.51
10/19/2001,5.49
10/22/2001,5.45
10/23/2001,5.42
10/24/2001,5.44
10/25/2001,5.46
10/26/2001,5.47
10/29/2001,5.49
10/30/2001,5.55
10/31/2001,5.31
11/1/2001,5.3
11/2/2001,5.22
11/5/2001,5.25
11/6/2001,5.27
11/7/2001,5.3
11/8/2001,5.19
11/9/2001,5.12
11/12/2001,5.12
11/13/2001,5.07
11/14/2001,4.93
11/15/2001,4.67
11/16/2001,4.45
11/19/2001,4.53
11/20/2001,4.45
11/21/2001,4.31
11/22/2001,4.3
11/23/2001,4.2
11/26/2001,4.19
11/27/2001,4.2
11/28/2001,4.17
11/29/2001,4.3
11/30/2001,4.55
12/3/2001,4.52
12/4/2001,4.58
12/5/2001,4.4
12/6/2001,4.31
12/7/2001,4.22
12/10/2001,4.44
12/11/2001,4.55
12/12/2001,4.69
12/13/2001,4.54
12/14/2001,4.56
12/17/2001,4.43
12/18/2001,4.55
12/19/2001,4.61
12/20/2001,4.57
12/21/2001,4.52
12/24/2001,4.49
12/25/2001,.
12/26/2001,4.45
12/27/2001,4.47
12/28/2001,4.48
12/31/2001,4.44
1/1/2002,.
1/2/2002,4.36
1/3/2002,4.31
1/4/2002,4.28
1/7/2002,4.34
1/8/2002,4.33
1/9/2002,4.32
1/10/2002,4.36
1/11/2002,4.45
1/14/2002,4.46
1/15/2002,4.49
1/16/2002,4.5
1/17/2002,4.47
1/18/2002,4.52
1/21/2002,4.52
1/22/2002,4.52
1/23/2002,4.48
1/24/2002,4.47
1/25/2002,4.44
1/28/2002,4.44
1/29/2002,4.58
1/30/2002,4.6
1/31/2002,4.32
2/1/2002,4.34
2/4/2002,4.44
2/5/2002,4.5
2/6/2002,4.56
2/7/2002,4.52
2/8/2002,4.58
2/11/2002,4.57
2/12/2002,4.52
2/13/2002,4.5
2/14/2002,4.52
2/15/2002,4.58
2/18/2002,4.58
2/19/2002,4.6
2/20/2002,4.69
2/21/2002,4.69
2/22/2002,4.75
2/25/2002,4.76
2/26/2002,4.65
2/27/2002,4.66
2/28/2002,4.9
3/1/2002,4.79
3/4/2002,4.74
3/5/2002,4.64
3/6/2002,4.54
3/7/2002,4.33
3/8/2002,4.19
3/11/2002,4.2
3/12/2002,4.19
3/13/2002,4.2
3/14/2002,4.1
3/15/2002,4.08
3/18/2002,4.07
3/19/2002,4.04
3/20/2002,3.95
3/21/2002,3.97
3/22/2002,3.94
3/25/2002,3.92
3/26/2002,4.02
3/27/2002,4
3/28/2002,3.97
3/29/2002,.
3/31/2002,3.76
4/1/2002,3.72
4/2/2002,3.77
4/3/2002,3.83
4/4/2002,3.83
4/5/2002,3.87
4/8/2002,3.86
4/9/2002,3.88
4/10/2002,3.84
4/11/2002,3.85
4/12/2002,3.89
4/15/2002,3.92
4/16/2002,3.9
4/17/2002,3.84
4/18/2002,3.86
4/19/2002,3.87
4/22/2002,3.89
4/23/2002,3.86
4/24/2002,3.89
4/25/2002,3.91
4/26/2002,3.93
4/29/2002,3.91
4/30/2002,3.92
5/1/2002,3.93
5/2/2002,3.93
5/3/2002,3.99
5/6/2002,4
5/7/2002,4.05
5/8/2002,3.95
5/9/2002,3.95
5/10/2002,3.99
5/13/2002,3.99
5/14/2002,3.93
5/15/2002,3.94
5/16/2002,4.01
5/17/2002,4
5/20/2002,4.06
5/21/2002,4.09
5/22/2002,4.12
5/23/2002,4.06
5/24/2002,4.06
5/27/2002,4.06
5/28/2002,4.08
5/29/2002,4.11
5/30/2002,4.14
5/31/2002,5.38
6/3/2002,5.37
6/4/2002,5.44
6/5/2002,5.38
6/6/2002,5.4
6/7/2002,5.38
6/10/2002,5.43
6/11/2002,5.51
6/12/2002,5.61
6/13/2002,5.63
6/14/2002,5.78
6/17/2002,5.75
6/18/2002,5.77
6/19/2002,5.9
6/20/2002,5.87
6/21/2002,6.06
6/24/2002,6.13
6/25/2002,6.19
6/26/2002,7.18
6/27/2002,7.34
6/28/2002,7.4
6/30/2002,5.51
7/1/2002,5.39
7/2/2002,5.62
7/3/2002,5.69
7/4/2002,5.68
7/5/2002,5.63
7/8/2002,5.68
7/9/2002,5.62
7/10/2002,5.73
7/11/2002,6
7/12/2002,5.99
7/15/2002,5.95
7/16/2002,5.95
7/17/2002,6.02
7/18/2002,6
7/19/2002,6.07
7/22/2002,6.26
7/23/2002,6.44
7/24/2002,6.65
7/25/2002,6.66
7/26/2002,6.77
7/29/2002,6.67
7/30/2002,6.65
7/31/2002,6.3
8/1/2002,6.3
8/2/2002,6.42
8/5/2002,6.52
8/6/2002,6.49
8/7/2002,6.54
8/8/2002,6.53
8/9/2002,6.61
8/12/2002,6.67
8/13/2002,6.8
8/14/2002,6.89
8/15/2002,6.76
8/16/2002,6.68
8/19/2002,6.7
8/20/2002,6.72
8/21/2002,6.63
8/22/2002,6.45
8/23/2002,6.45
8/26/2002,6.39
8/27/2002,6.31
8/28/2002,6.32
8/29/2002,6.35
8/30/2002,6.36
8/31/2002,6.31
9/2/2002,6.31
9/3/2002,6.41
9/4/2002,6.42
9/5/2002,6.45
9/6/2002,6.36
9/9/2002,6.34
9/10/2002,6.36
9/11/2002,6.27
9/12/2002,6.33
9/13/2002,6.31
9/16/2002,6.33
9/17/2002,6.31
9/18/2002,6.34
9/19/2002,6.47
9/20/2002,6.54
9/23/2002,6.7
9/24/2002,6.78
9/25/2002,6.7
9/26/2002,6.7
9/27/2002,6.79
9/30/2002,6.71
10/1/2002,6.66
10/2/2002,6.72
10/3/2002,6.86
10/4/2002,6.91
10/7/2002,7.04
10/8/2002,7.17
10/9/2002,7.38
10/10/2002,7.41
10/11/2002,7.31
10/14/2002,7.32
10/15/2002,7.06
10/16/2002,7.03
10/17/2002,6.98
10/18/2002,7.04
10/21/2002,6.95
10/22/2002,6.92
10/23/2002,6.93
10/24/2002,6.92
10/25/2002,6.96
10/28/2002,6.92
10/29/2002,7.03
10/30/2002,7
10/31/2002,6.86
11/1/2002,6.77
11/4/2002,6.68
11/5/2002,6.6
11/6/2002,6.51
11/7/2002,6.55
11/8/2002,6.59
11/11/2002,6.59
11/12/2002,6.59
11/13/2002,6.57
11/14/2002,6.41
11/15/2002,6.31
11/18/2002,6.21
11/19/2002,6.15
11/20/2002,6.02
11/21/2002,5.83
11/22/2002,5.72
11/25/2002,5.73
11/26/2002,5.82
11/27/2002,5.66
11/28/2002,5.66
11/29/2002,5.71
11/30/2002,5.87
12/2/2002,5.75
12/3/2002,5.74
12/4/2002,5.84
12/5/2002,5.92
12/6/2002,6
12/9/2002,6.05
12/10/2002,6.02
12/11/2002,6.05
12/12/2002,6.04
12/13/2002,5.99
12/16/2002,5.92
12/17/2002,5.94
12/18/2002,6
12/19/2002,6.07
12/20/2002,6.05
12/23/2002,6.05
12/24/2002,6.06
12/25/2002,.
12/26/2002,6.07
12/27/2002,6.15
12/30/2002,6.16
12/31/2002,6.17
1/1/2003,.
1/2/2003,5.97
1/3/2003,5.93
1/6/2003,5.82
1/7/2003,5.72
1/8/2003,5.66
1/9/2003,5.46
1/10/2003,5.38
1/13/2003,5.39
1/14/2003,5.42
1/15/2003,5.44
1/16/2003,5.46
1/17/2003,5.53
1/20/2003,5.53
1/21/2003,5.56
1/22/2003,5.65
1/23/2003,5.62
1/24/2003,5.65
1/27/2003,5.69
1/28/2003,5.68
1/29/2003,5.66
1/30/2003,5.7
1/31/2003,5.72
2/3/2003,5.68
2/4/2003,5.73
2/5/2003,5.69
2/6/2003,5.8
2/7/2003,5.84
2/10/2003,5.8
2/11/2003,5.8
2/12/2003,5.93
2/13/2003,6.09
2/14/2003,6.02
2/17/2003,6
2/18/2003,5.99
2/19/2003,5.98
2/20/2003,6
2/21/2003,5.91
2/24/2003,5.91
2/25/2003,5.92
2/26/2003,5.95
2/27/2003,5.92
2/28/2003,5.63
3/3/2003,5.57
3/4/2003,5.6
3/5/2003,5.6
3/6/2003,5.58
3/7/2003,5.62
3/10/2003,5.66
3/11/2003,5.62
3/12/2003,5.63
3/13/2003,5.48
3/14/2003,5.5
3/17/2003,5.41
3/18/2003,5.32
3/19/2003,5.36
3/20/2003,5.33
3/21/2003,5.21
3/24/2003,5.33
3/25/2003,5.32
3/26/2003,5.31
3/27/2003,5.28
3/28/2003,5.28
3/31/2003,5.02
4/1/2003,4.97
4/2/2003,4.81
4/3/2003,4.73
4/4/2003,4.68
4/7/2003,4.59
4/8/2003,4.65
4/9/2003,4.71
4/10/2003,4.7
4/11/2003,4.66
4/14/2003,4.59
4/15/2003,4.58
4/16/2003,4.56
4/17/2003,4.51
4/18/2003,.
4/21/2003,4.46
4/22/2003,4.44
4/23/2003,4.35
4/24/2003,4.36
4/25/2003,4.37
4/28/2003,4.32
4/29/2003,4.24
4/30/2003,4.11
5/1/2003,4.04
5/2/2003,3.95
5/5/2003,3.95
5/6/2003,4.01
5/7/2003,4.09
5/8/2003,4.14
5/9/2003,4.1
5/12/2003,4.13
5/13/2003,4.15
5/14/2003,4.21
5/15/2003,4.16
5/16/2003,4.23
5/19/2003,4.23
5/20/2003,4.34
5/21/2003,4.35
5/22/2003,4.4
5/23/2003,4.41
5/26/2003,4.41
5/27/2003,4.42
5/28/2003,4.44
5/29/2003,4.45
5/30/2003,4.41
5/31/2003,4.36
6/2/2003,4.27
6/3/2003,4.34
6/4/2003,4.32
6/5/2003,4.23
6/6/2003,4.15
6/9/2003,4.19
6/10/2003,4.24
6/11/2003,4.18
6/12/2003,4.17
6/13/2003,4.17
6/16/2003,4.05
6/17/2003,3.92
6/18/2003,3.85
6/19/2003,3.89
6/20/2003,3.87
6/23/2003,3.98
6/24/2003,4.03
6/25/2003,3.9
6/26/2003,3.78
6/27/2003,3.78
6/30/2003,3.85
7/1/2003,3.88
7/2/2003,3.91
7/3/2003,3.84
7/4/2003,3.84
7/7/2003,3.79
7/8/2003,3.75
7/9/2003,3.77
7/10/2003,3.81
7/11/2003,3.86
7/14/2003,3.76
7/15/2003,3.6
7/16/2003,3.65
7/17/2003,3.65
7/18/2003,3.64
7/21/2003,3.48
7/22/2003,3.54
7/23/2003,3.59
7/24/2003,3.57
7/25/2003,3.58
7/28/2003,3.5
7/29/2003,3.44
7/30/2003,3.6
7/31/2003,3.55
8/1/2003,3.63
8/4/2003,3.72
8/5/2003,3.68
8/6/2003,3.89
8/7/2003,3.93
8/8/2003,3.95
8/11/2003,3.9
8/12/2003,3.94
8/13/2003,3.83
8/14/2003,3.88
8/15/2003,3.9
8/18/2003,3.9
8/19/2003,3.86
8/20/2003,3.75
8/21/2003,3.59
8/22/2003,3.6
8/25/2003,3.51
8/26/2003,3.54
8/27/2003,3.46
8/28/2003,3.51
8/29/2003,3.45
8/31/2003,3.49
9/1/2003,3.49
9/2/2003,3.28
9/3/2003,3.26
9/4/2003,3.32
9/5/2003,3.47
9/8/2003,3.41
9/9/2003,3.41
9/10/2003,3.48
9/11/2003,3.41
9/12/2003,3.47
9/15/2003,3.49
9/16/2003,3.44
9/17/2003,3.45
9/18/2003,3.37
9/19/2003,3.36
9/22/2003,3.34
9/23/2003,3.4
9/24/2003,3.42
9/25/2003,3.41
9/26/2003,3.47
9/29/2003,3.42
9/30/2003,3.6
10/1/2003,3.57
10/2/2003,3.49
10/3/2003,3.34
10/6/2003,3.4
10/7/2003,3.31
10/8/2003,3.3
10/9/2003,3.25
10/10/2003,3.26
10/13/2003,3.25
10/14/2003,3.14
10/15/2003,3.04
10/16/2003,2.93
10/17/2003,2.97
10/20/2003,2.96
10/21/2003,2.94
10/22/2003,3.04
10/23/2003,3.05
10/24/2003,3.11
10/27/2003,3.03
10/28/2003,3.09
10/29/2003,3
10/30/2003,2.91
10/31/2003,2.92
11/3/2003,2.86
11/4/2003,2.89
11/5/2003,2.84
11/6/2003,2.79
11/7/2003,2.76
11/10/2003,2.74
11/11/2003,2.74
11/12/2003,2.78
11/13/2003,2.88
11/14/2003,2.92
11/17/2003,2.93
11/18/2003,2.91
11/19/2003,2.84
11/20/2003,2.91
11/21/2003,2.9
11/24/2003,2.82
11/25/2003,2.83
11/26/2003,2.76
11/27/2003,2.76
11/28/2003,2.69
11/30/2003,2.6
12/1/2003,2.54
12/2/2003,2.54
12/3/2003,2.48
12/4/2003,2.49
12/5/2003,2.61
12/8/2003,2.54
12/9/2003,2.45
12/10/2003,2.48
12/11/2003,2.58
12/12/2003,2.57
12/15/2003,2.52
12/16/2003,2.56
12/17/2003,2.58
12/18/2003,2.57
12/19/2003,2.57
12/22/2003,2.53
12/23/2003,2.42
12/24/2003,2.5
12/25/2003,.
12/26/2003,2.52
12/29/2003,2.46
12/30/2003,2.43
12/31/2003,2.53
1/1/2004,.
1/2/2004,2.45
1/5/2004,2.4
1/6/2004,2.42
1/7/2004,2.39
1/8/2004,2.37
1/9/2004,2.48
1/12/2004,2.46
1/13/2004,2.5
1/14/2004,2.5
1/15/2004,2.45
1/16/2004,2.42
1/19/2004,2.41
1/20/2004,2.38
1/21/2004,2.38
1/22/2004,2.41
1/23/2004,2.32
1/26/2004,2.28
1/27/2004,2.36
1/28/2004,2.29
1/29/2004,2.33
1/30/2004,2.43
1/31/2004,2.45
2/2/2004,2.45
2/3/2004,2.54
2/4/2004,2.55
2/5/2004,2.54
2/6/2004,2.63
2/9/2004,2.6
2/10/2004,2.55
2/11/2004,2.62
2/12/2004,2.55
2/13/2004,2.59
2/16/2004,2.58
2/17/2004,2.55
2/18/2004,2.55
2/19/2004,2.54
2/20/2004,2.52
2/23/2004,2.55
2/24/2004,2.59
2/25/2004,2.58
2/26/2004,2.54
2/27/2004,2.56
2/29/2004,2.51
3/1/2004,2.47
3/2/2004,2.41
3/3/2004,2.41
3/4/2004,2.42
3/5/2004,2.49
3/8/2004,2.51
3/9/2004,2.52
3/10/2004,2.49
3/11/2004,2.52
3/12/2004,2.49
3/15/2004,2.48
3/16/2004,2.56
3/17/2004,2.56
3/18/2004,2.5
3/19/2004,2.48
3/22/2004,2.53
3/23/2004,2.54
3/24/2004,2.56
3/25/2004,2.54
3/26/2004,2.46
3/29/2004,2.4
3/30/2004,2.39
3/31/2004,2.47
4/1/2004,2.41
4/2/2004,2.3
4/5/2004,2.27
4/6/2004,2.31
4/7/2004,2.29
4/8/2004,2.26
4/9/2004,.
4/12/2004,2.23
4/13/2004,2.19
4/14/2004,2.2
4/15/2004,2.19
4/16/2004,2.21
4/19/2004,2.2
4/20/2004,2.17
4/21/2004,2.17
4/22/2004,2.2
4/23/2004,2.1
4/26/2004,2.1
4/27/2004,2.14
4/28/2004,2.11
4/29/2004,2.12
4/30/2004,2.19
5/3/2004,2.2
5/4/2004,2.23
5/5/2004,2.23
5/6/2004,2.29
5/7/2004,2.25
5/10/2004,2.41
5/11/2004,2.45
5/12/2004,2.51
5/13/2004,2.54
5/14/2004,2.61
5/17/2004,2.65
5/18/2004,2.57
5/19/2004,2.49
5/20/2004,2.55
5/21/2004,2.5
5/24/2004,2.5
5/25/2004,2.49
5/26/2004,2.52
5/27/2004,2.55
5/28/2004,2.48
5/31/2004,2.55
6/1/2004,2.52
6/2/2004,2.5
6/3/2004,2.52
6/4/2004,2.45
6/7/2004,2.47
6/8/2004,2.43
6/9/2004,2.4
6/10/2004,2.41
6/11/2004,2.4
6/14/2004,2.36
6/15/2004,2.45
6/16/2004,2.4
6/17/2004,2.42
6/18/2004,2.4
6/21/2004,2.4
6/22/2004,2.38
6/23/2004,2.37
6/24/2004,2.39
6/25/2004,2.37
6/28/2004,2.31
6/29/2004,2.33
6/30/2004,2.49
7/1/2004,2.52
7/2/2004,2.56
7/5/2004,2.56
7/6/2004,2.52
7/7/2004,2.51
7/8/2004,2.5
7/9/2004,2.48
7/12/2004,2.47
7/13/2004,2.43
7/14/2004,2.4
7/15/2004,2.38
7/16/2004,2.44
7/19/2004,2.4
7/20/2004,2.31
7/21/2004,2.29
7/22/2004,2.32
7/23/2004,2.35
7/26/2004,2.32
7/27/2004,2.3
7/28/2004,2.34
7/29/2004,2.33
7/30/2004,2.38
7/31/2004,2.41
8/2/2004,2.43
8/3/2004,2.44
8/4/2004,2.44
8/5/2004,2.44
8/6/2004,2.55
8/9/2004,2.51
8/10/2004,2.48
8/11/2004,2.48
8/12/2004,2.52
8/13/2004,2.55
8/16/2004,2.52
8/17/2004,2.53
8/18/2004,2.49
8/19/2004,2.5
8/20/2004,2.45
8/23/2004,2.41
8/24/2004,2.41
8/25/2004,2.39
8/26/2004,2.41
8/27/2004,2.4
8/30/2004,2.4
8/31/2004,2.53
9/1/2004,2.54
9/2/2004,2.46
9/3/2004,2.38
9/6/2004,2.37
9/7/2004,2.44
9/8/2004,2.45
9/9/2004,2.39
9/10/2004,2.38
9/13/2004,2.39
9/14/2004,2.38
9/15/2004,2.35
9/16/2004,2.43
9/17/2004,2.34
9/20/2004,2.38
9/21/2004,2.35
9/22/2004,2.36
9/23/2004,2.26
9/24/2004,2.27
9/27/2004,2.32
9/28/2004,2.31
9/29/2004,2.28
9/30/2004,2.31
10/1/2004,2.3
10/4/2004,2.3
10/5/2004,2.3
10/6/2004,2.23
10/7/2004,2.21
10/8/2004,2.28
10/11/2004,2.27
10/12/2004,2.27
10/13/2004,2.3
10/14/2004,2.33
10/15/2004,2.31
10/18/2004,2.33
10/19/2004,2.34
10/20/2004,2.39
10/21/2004,2.35
10/22/2004,2.34
10/25/2004,2.33
10/26/2004,2.31
10/27/2004,2.21
10/28/2004,2.21
10/29/2004,2.19
10/31/2004,2.19
11/1/2004,2.15
11/2/2004,2.14
11/3/2004,2.11
11/4/2004,2.07
11/5/2004,1.98
11/8/2004,1.97
11/9/2004,1.98
11/10/2004,1.96
11/11/2004,1.96
11/12/2004,1.98
11/15/2004,1.97
11/16/2004,1.96
11/17/2004,2.01
11/18/2004,1.99
11/19/2004,1.91
11/22/2004,1.94
11/23/2004,1.92
11/24/2004,1.91
11/25/2004,1.91
11/26/2004,1.88
11/29/2004,1.86
11/30/2004,1.94
12/1/2004,1.94
12/2/2004,1.93
12/3/2004,1.99
12/6/2004,1.99
12/7/2004,1.97
12/8/2004,2.01
12/9/2004,1.98
12/10/2004,1.97
12/13/2004,1.96
12/14/2004,1.97
12/15/2004,1.97
12/16/2004,1.91
12/17/2004,1.9
12/20/2004,1.91
12/21/2004,1.93
12/22/2004,1.92
12/23/2004,1.91
12/24/2004,.
12/27/2004,1.87
12/28/2004,1.88
12/29/2004,1.85
12/30/2004,1.88
12/31/2004,2.02
1/3/2005,1.99
1/4/2005,1.92
1/5/2005,1.97
1/6/2005,2
1/7/2005,1.99
1/10/2005,2.01
1/11/2005,2.07
1/12/2005,2.08
1/13/2005,2.12
1/14/2005,2.1
1/17/2005,2.09
1/18/2005,2.12
1/19/2005,2.12
1/20/2005,2.17
1/21/2005,2.18
1/24/2005,2.17
1/25/2005,2.11
1/26/2005,2.1
1/27/2005,2.07
1/28/2005,2.1
1/31/2005,2.09
2/1/2005,2.07
2/2/2005,2.04
2/3/2005,2
2/4/2005,2.04
2/7/2005,2.02
2/8/2005,2
2/9/2005,2.05
2/10/2005,1.98
2/11/2005,1.95
2/14/2005,1.94
2/15/2005,1.92
2/16/2005,1.86
2/17/2005,1.86
2/18/2005,1.8
2/21/2005,1.8
2/22/2005,1.81
2/23/2005,1.8
2/24/2005,1.78
2/25/2005,1.76
2/28/2005,1.74
3/1/2005,1.74
3/2/2005,1.75
3/3/2005,1.74
3/4/2005,1.77
3/7/2005,1.74
3/8/2005,1.7
3/9/2005,1.65
3/10/2005,1.72
3/11/2005,1.67
3/14/2005,1.72
3/15/2005,1.72
3/16/2005,1.81
3/17/2005,1.9
3/18/2005,1.87
3/21/2005,1.93
3/22/2005,1.93
3/23/2005,2.04
3/24/2005,2.04
3/25/2005,.
3/28/2005,2.05
3/29/2005,2.13
3/30/2005,2.21
3/31/2005,2.34
4/1/2005,2.38
4/4/2005,2.4
4/5/2005,2.35
4/6/2005,2.31
4/7/2005,2.24
4/8/2005,2.23
4/11/2005,2.31
4/12/2005,2.37
4/13/2005,2.41
4/14/2005,2.52
4/15/2005,2.63
4/18/2005,2.69
4/19/2005,2.69
4/20/2005,2.64
4/21/2005,2.52
4/22/2005,2.53
4/25/2005,2.53
4/26/2005,2.54
4/27/2005,2.62
4/28/2005,2.68
4/29/2005,2.69
4/30/2005,2.69
5/2/2005,2.7
5/3/2005,2.68
5/4/2005,2.67
5/5/2005,2.66
5/6/2005,2.61
5/9/2005,2.61
5/10/2005,2.67
5/11/2005,2.74
5/12/2005,2.77
5/13/2005,2.86
5/16/2005,2.9
5/17/2005,2.96
5/18/2005,2.95
5/19/2005,2.82
5/20/2005,2.77
5/23/2005,2.74
5/24/2005,2.73
5/25/2005,2.64
5/26/2005,2.58
5/27/2005,2.54
5/30/2005,2.54
5/31/2005,2.95
6/1/2005,2.95
6/2/2005,2.82
6/3/2005,2.74
6/6/2005,2.81
6/7/2005,2.82
6/8/2005,2.81
6/9/2005,2.84
6/10/2005,2.75
6/13/2005,2.72
6/14/2005,2.66
6/15/2005,2.64
6/16/2005,2.68
6/17/2005,2.67
6/20/2005,2.68
6/21/2005,2.68
6/22/2005,2.77
6/23/2005,2.77
6/24/2005,2.81
6/27/2005,2.83
6/28/2005,2.74
6/29/2005,2.7
6/30/2005,2.74
7/1/2005,2.67
7/4/2005,2.67
7/5/2005,2.62
7/6/2005,2.68
7/7/2005,2.69
7/8/2005,2.61
7/11/2005,2.56
7/12/2005,2.5
7/13/2005,2.47
7/14/2005,2.42
7/15/2005,2.4
7/18/2005,2.37
7/19/2005,2.4
7/20/2005,2.41
7/21/2005,2.34
7/22/2005,2.36
7/25/2005,2.34
7/26/2005,2.33
7/27/2005,2.28
7/28/2005,2.31
7/29/2005,2.24
7/31/2005,2.24
8/1/2005,2.25
8/2/2005,2.25
8/3/2005,2.29
8/4/2005,2.28
8/5/2005,2.28
8/8/2005,2.31
8/9/2005,2.32
8/10/2005,2.31
8/11/2005,2.35
8/12/2005,2.39
8/15/2005,2.36
8/16/2005,2.39
8/17/2005,2.36
8/18/2005,2.39
8/19/2005,2.37
8/22/2005,2.37
8/23/2005,2.38
8/24/2005,2.37
8/25/2005,2.38
8/26/2005,2.35
8/29/2005,2.37
8/30/2005,2.45
8/31/2005,2.66
9/1/2005,2.7
9/2/2005,2.7
9/5/2005,2.7
9/6/2005,2.65
9/7/2005,2.62
9/8/2005,2.61
9/9/2005,2.61
9/12/2005,2.57
9/13/2005,2.59
9/14/2005,2.57
9/15/2005,2.56
9/16/2005,2.55
9/19/2005,2.61
9/20/2005,2.64
9/21/2005,2.7
9/22/2005,2.74
9/23/2005,2.67
9/26/2005,2.62
9/27/2005,2.63
9/28/2005,2.67
9/29/2005,2.65
9/30/2005,2.66
10/3/2005,2.62
10/4/2005,2.63
10/5/2005,2.65
10/6/2005,2.68
10/7/2005,2.71
10/10/2005,2.71
10/11/2005,2.79
10/12/2005,2.86
10/13/2005,2.9
10/14/2005,2.85
10/17/2005,2.7
10/18/2005,2.63
10/19/2005,2.67
10/20/2005,2.63
10/21/2005,2.62
10/24/2005,2.57
10/25/2005,2.54
10/26/2005,2.54
10/27/2005,2.63
10/28/2005,2.64
10/31/2005,2.66
11/1/2005,2.63
11/2/2005,2.61
11/3/2005,2.56
11/4/2005,2.56
11/7/2005,2.57
11/8/2005,2.63
11/9/2005,2.6
11/10/2005,2.67
11/11/2005,2.67
11/14/2005,2.72
11/15/2005,2.77
11/16/2005,2.89
11/17/2005,2.96
11/18/2005,2.86
11/21/2005,2.88
11/22/2005,2.9
11/23/2005,2.87
11/24/2005,2.86
11/25/2005,2.89
11/28/2005,2.89
11/29/2005,2.8
11/30/2005,2.66
12/1/2005,2.62
12/2/2005,2.63
12/5/2005,2.65
12/6/2005,2.72
12/7/2005,2.7
12/8/2005,2.73
12/9/2005,2.63
12/12/2005,2.59
12/13/2005,2.59
12/14/2005,2.65
12/15/2005,2.64
12/16/2005,2.64
12/19/2005,2.65
12/20/2005,2.66
12/21/2005,2.62
12/22/2005,2.67
12/23/2005,2.72
12/26/2005,.
12/27/2005,2.74
12/28/2005,2.71
12/29/2005,2.71
12/30/2005,2.69
12/31/2005,2.98
1/2/2006,.
1/3/2006,3
1/4/2006,2.93
1/5/2006,2.88
1/6/2006,2.77
1/9/2006,2.69
1/10/2006,2.69
1/11/2006,2.65
1/12/2006,2.71
1/13/2006,2.82
1/16/2006,2.81
1/17/2006,2.87
1/18/2006,2.85
1/19/2006,2.79
1/20/2006,2.82
1/23/2006,2.79
1/24/2006,2.72
1/25/2006,2.64
1/26/2006,2.64
1/27/2006,2.61
1/30/2006,2.54
1/31/2006,2.54
2/1/2006,2.49
2/2/2006,2.51
2/3/2006,2.54
2/6/2006,2.54
2/7/2006,2.56
2/8/2006,2.56
2/9/2006,2.57
2/10/2006,2.54
2/13/2006,2.57
2/14/2006,2.57
2/15/2006,2.53
2/16/2006,2.51
2/17/2006,2.51
2/20/2006,2.51
2/21/2006,2.54
2/22/2006,2.58
2/23/2006,2.56
2/24/2006,2.57
2/27/2006,2.58
2/28/2006,2.63
3/1/2006,2.61
3/2/2006,2.61
3/3/2006,2.6
3/6/2006,2.56
3/7/2006,2.58
3/8/2006,2.57
3/9/2006,2.58
3/10/2006,2.56
3/13/2006,2.52
3/14/2006,2.58
3/15/2006,2.54
3/16/2006,2.59
3/17/2006,2.58
3/20/2006,2.56
3/21/2006,2.49
3/22/2006,2.49
3/23/2006,2.49
3/24/2006,2.52
3/27/2006,2.49
3/28/2006,2.45
3/29/2006,2.47
3/30/2006,2.43
3/31/2006,2.43
4/3/2006,2.39
4/4/2006,2.41
4/5/2006,2.45
4/6/2006,2.46
4/7/2006,2.42
4/10/2006,2.46
4/11/2006,2.46
4/12/2006,2.42
4/13/2006,2.41
4/14/2006,.
4/17/2006,2.43
4/18/2006,2.46
4/19/2006,2.44
4/20/2006,2.42
4/21/2006,2.42
4/24/2006,2.45
4/25/2006,2.39
4/26/2006,2.4
4/27/2006,2.41
4/28/2006,2.42
4/30/2006,2.42
5/1/2006,2.37
5/2/2006,2.37
5/3/2006,2.36
5/4/2006,2.37
5/5/2006,2.41
5/8/2006,2.4
5/9/2006,2.38
5/10/2006,2.36
5/11/2006,2.35
5/12/2006,2.34
5/15/2006,2.36
5/16/2006,2.42
5/17/2006,2.45
5/18/2006,2.5
5/19/2006,2.5
5/22/2006,2.56
5/23/2006,2.54
5/24/2006,2.58
5/25/2006,2.54
5/26/2006,2.53
5/29/2006,2.52
5/30/2006,2.5
5/31/2006,2.52
6/1/2006,2.54
6/2/2006,2.61
6/5/2006,2.6
6/6/2006,2.64
6/7/2006,2.62
6/8/2006,2.66
6/9/2006,2.65
6/12/2006,2.62
6/13/2006,2.66
6/14/2006,2.66
6/15/2006,2.64
6/16/2006,2.62
6/19/2006,2.61
6/20/2006,2.63
6/21/2006,2.69
6/22/2006,2.67
6/23/2006,2.67
6/26/2006,2.7
6/27/2006,2.71
6/28/2006,2.69
6/29/2006,2.69
6/30/2006,2.65
7/3/2006,2.63
7/4/2006,2.63
7/5/2006,2.58
7/6/2006,2.61
7/7/2006,2.63
7/10/2006,2.6
7/11/2006,2.61
7/12/2006,2.61
7/13/2006,2.65
7/14/2006,2.71
7/17/2006,2.7
7/18/2006,2.65
7/19/2006,2.7
7/20/2006,2.7
7/21/2006,2.67
7/24/2006,2.68
7/25/2006,2.64
7/26/2006,2.64
7/27/2006,2.62
7/28/2006,2.64
7/31/2006,2.59
8/1/2006,2.57
8/2/2006,2.54
8/3/2006,2.54
8/4/2006,2.56
8/7/2006,2.53
8/8/2006,2.52
8/9/2006,2.51
8/10/2006,2.53
8/11/2006,2.5
8/14/2006,2.47
8/15/2006,2.51
8/16/2006,2.53
8/17/2006,2.51
8/18/2006,2.52
8/21/2006,2.55
8/22/2006,2.55
8/23/2006,2.55
8/24/2006,2.55
8/25/2006,2.55
8/28/2006,2.5
8/29/2006,2.49
8/30/2006,2.49
8/31/2006,2.54
9/1/2006,2.55
9/4/2006,2.55
9/5/2006,2.5
9/6/2006,2.46
9/7/2006,2.47
9/8/2006,2.49
9/11/2006,2.46
9/12/2006,2.48
9/13/2006,2.47
9/14/2006,2.45
9/15/2006,2.45
9/18/2006,2.45
9/19/2006,2.5
9/20/2006,2.49
9/21/2006,2.56
9/22/2006,2.61
9/25/2006,2.61
9/26/2006,2.56
9/27/2006,2.54
9/28/2006,2.51
9/29/2006,2.5
9/30/2006,2.39
10/2/2006,2.39
10/3/2006,2.39
10/4/2006,2.41
10/5/2006,2.37
10/6/2006,2.31
10/9/2006,2.3
10/10/2006,2.26
10/11/2006,2.23
10/12/2006,2.23
10/13/2006,2.2
10/16/2006,2.21
10/17/2006,2.22
10/18/2006,2.21
10/19/2006,2.19
10/20/2006,2.19
10/23/2006,2.17
10/24/2006,2.17
10/25/2006,2.2
10/26/2006,2.22
10/27/2006,2.24
10/30/2006,2.22
10/31/2006,2.29
11/1/2006,2.3
11/2/2006,2.25
11/3/2006,2.15
11/6/2006,2.16
11/7/2006,2.17
11/8/2006,2.17
11/9/2006,2.15
11/10/2006,2.17
11/13/2006,2.15
11/14/2006,2.15
11/15/2006,2.1
11/16/2006,2.05
11/17/2006,2.1
11/20/2006,2.11
11/21/2006,2.14
11/22/2006,2.16
11/23/2006,2.15
11/24/2006,2.16
11/27/2006,2.18
11/28/2006,2.21
11/29/2006,2.16
11/30/2006,2.16
12/1/2006,2.17
12/4/2006,2.16
12/5/2006,2.11
12/6/2006,2.06
12/7/2006,2.06
12/8/2006,2.02
12/11/2006,2.04
12/12/2006,2.07
12/13/2006,2.02
12/14/2006,2.02
12/15/2006,2
12/18/2006,2
12/19/2006,1.99
12/20/2006,1.99
12/21/2006,2.01
12/22/2006,1.96
12/25/2006,.
12/26/2006,1.96
12/27/2006,1.92
12/28/2006,1.89
12/29/2006,1.88
12/31/2006,1.94
1/1/2007,.
1/2/2007,1.96
1/3/2007,1.97
1/4/2007,2
1/5/2007,1.99
1/8/2007,1.99
1/9/2007,1.99
1/10/2007,1.97
1/11/2007,1.94
1/12/2007,1.93
1/15/2007,1.92
1/16/2007,1.92
1/17/2007,1.88
1/18/2007,1.89
1/19/2007,1.86
1/22/2007,1.86
1/23/2007,1.83
1/24/2007,1.82
1/25/2007,1.78
1/26/2007,1.8
1/29/2007,1.79
1/30/2007,1.82
1/31/2007,1.88
2/1/2007,1.84
2/2/2007,1.85
2/5/2007,1.86
2/6/2007,1.86
2/7/2007,1.85
2/8/2007,1.85
2/9/2007,1.81
2/12/2007,1.81
2/13/2007,1.8
2/14/2007,1.84
2/15/2007,1.83
2/16/2007,1.82
2/19/2007,1.81
2/20/2007,1.82
2/21/2007,1.8
2/22/2007,1.77
2/23/2007,1.83
2/26/2007,1.85
2/27/2007,2
2/28/2007,2.02
3/1/2007,2.01
3/2/2007,2.06
3/5/2007,2.12
3/6/2007,2.09
3/7/2007,2.08
3/8/2007,2.04
3/9/2007,1.96
3/12/2007,2.01
3/13/2007,2.08
3/14/2007,2.08
3/15/2007,2.05
3/16/2007,2.05
3/19/2007,2.02
3/20/2007,2.05
3/21/2007,2.07
3/22/2007,2.01
3/23/2007,1.99
3/26/2007,2
3/27/2007,2
3/28/2007,2.03
3/29/2007,2.01
3/30/2007,2.01
3/31/2007,2.04
4/2/2007,2.04
4/3/2007,2.02
4/4/2007,2.04
4/5/2007,2.02
4/6/2007,.
4/9/2007,1.95
4/10/2007,1.97
4/11/2007,1.96
4/12/2007,1.96
4/13/2007,1.94
4/16/2007,1.94
4/17/2007,1.96
4/18/2007,1.97
4/19/2007,1.95
4/20/2007,1.93
4/23/2007,1.93
4/24/2007,1.94
4/25/2007,1.92
4/26/2007,1.88
4/27/2007,1.88
4/30/2007,1.95
5/1/2007,1.94
5/2/2007,1.92
5/3/2007,1.9
5/4/2007,1.92
5/7/2007,1.91
5/8/2007,1.91
5/9/2007,1.87
5/10/2007,1.88
5/11/2007,1.87
5/14/2007,1.85
5/15/2007,1.83
5/16/2007,1.83
5/17/2007,1.81
5/18/2007,1.78
5/21/2007,1.77
5/22/2007,1.74
5/23/2007,1.73
5/24/2007,1.74
5/25/2007,1.73
5/28/2007,.
5/29/2007,1.71
5/30/2007,1.72
5/31/2007,1.75
6/1/2007,1.72
6/4/2007,1.74
6/5/2007,1.72
6/6/2007,1.78
6/7/2007,1.76
6/8/2007,1.8
6/11/2007,1.8
6/12/2007,1.79
6/13/2007,1.82
6/14/2007,1.81
6/15/2007,1.83
6/18/2007,1.83
6/19/2007,1.88
6/20/2007,1.87
6/21/2007,1.91
6/22/2007,1.95
6/25/2007,2.04
6/26/2007,2.02
6/27/2007,2.11
6/28/2007,2.06
6/29/2007,2.12
6/30/2007,2.18
7/2/2007,2.22
7/3/2007,2.19
7/4/2007,2.19
7/5/2007,2.14
7/6/2007,2.12
7/9/2007,2.15
7/10/2007,2.29
7/11/2007,2.32
7/12/2007,2.26
7/13/2007,2.24
7/16/2007,2.26
7/17/2007,2.25
7/18/2007,2.37
7/19/2007,2.38
7/20/2007,2.52
7/23/2007,2.57
7/24/2007,2.7
7/25/2007,2.78
7/26/2007,3.11
7/27/2007,3.21
7/30/2007,3.18
7/31/2007,3.12
8/1/2007,3.18
8/2/2007,3.12
8/3/2007,3.17
8/6/2007,3.19
8/7/2007,3.12
8/8/2007,2.89
8/9/2007,2.98
8/10/2007,3.04
8/13/2007,3.02
8/14/2007,3.09
8/15/2007,3.17
8/16/2007,3.44
8/17/2007,3.33
8/20/2007,3.36
8/21/2007,3.41
8/22/2007,3.31
8/23/2007,3.25
8/24/2007,3.21
8/27/2007,3.21
8/28/2007,3.33
8/29/2007,3.32
8/30/2007,3.36
8/31/2007,3.53
9/3/2007,3.53
9/4/2007,3.52
9/5/2007,3.58
9/6/2007,3.55
9/7/2007,3.68
9/10/2007,3.74
9/11/2007,3.71
9/12/2007,3.63
9/13/2007,3.53
9/14/2007,3.54
9/17/2007,3.49
9/18/2007,3.42
9/19/2007,3.3
9/20/2007,3.22
9/21/2007,3.19
9/24/2007,3.12
9/25/2007,3.18
9/26/2007,3.14
9/27/2007,3.16
9/28/2007,3.18
9/30/2007,3.2
10/1/2007,3.19
10/2/2007,3.21
10/3/2007,3.18
10/4/2007,3.19
10/5/2007,3.09
10/8/2007,3.09
10/9/2007,3.03
10/10/2007,3
10/11/2007,2.96
10/12/2007,2.93
10/15/2007,2.93
10/16/2007,3.01
10/17/2007,3.15
10/18/2007,3.27
10/19/2007,3.39
10/22/2007,3.41
10/23/2007,3.37
10/24/2007,3.45
10/25/2007,3.44
10/26/2007,3.43
10/29/2007,3.41
10/30/2007,3.42
10/31/2007,3.37
11/1/2007,3.5
11/2/2007,3.61
11/5/2007,3.66
11/6/2007,3.65
11/7/2007,3.73
11/8/2007,3.85
11/9/2007,3.97
11/12/2007,3.97
11/13/2007,3.99
11/14/2007,3.98
11/15/2007,4.19
11/16/2007,4.32
11/19/2007,4.48
11/20/2007,4.58
11/21/2007,4.67
11/22/2007,4.67
11/23/2007,4.55
11/26/2007,4.66
11/27/2007,4.64
11/28/2007,4.51
11/29/2007,4.51
11/30/2007,4.48
12/3/2007,4.53
12/4/2007,4.6
12/5/2007,4.56
12/6/2007,4.52
12/7/2007,4.37
12/10/2007,4.31
12/11/2007,4.42
12/12/2007,4.35
12/13/2007,4.3
12/14/2007,4.26
12/17/2007,4.32
12/18/2007,4.4
12/19/2007,4.44
12/20/2007,4.54
12/21/2007,4.46
12/24/2007,4.43
12/25/2007,.
12/26/2007,4.38
12/27/2007,4.4
12/28/2007,4.47
12/31/2007,4.59
1/1/2008,.
1/2/2008,4.75
1/3/2008,4.8
1/4/2008,4.93
1/7/2008,5
1/8/2008,5.03
1/9/2008,5.17
1/10/2008,5.09
1/11/2008,5.13
1/14/2008,5.13
1/15/2008,5.19
1/16/2008,5.26
1/17/2008,5.39
1/18/2008,5.41
1/21/2008,5.41
1/22/2008,5.68
1/23/2008,5.71
1/24/2008,5.41
1/25/2008,5.33
1/28/2008,5.34
1/29/2008,5.19
1/30/2008,5.13
1/31/2008,5.15
2/1/2008,5.16
2/4/2008,5.12
2/5/2008,5.25
2/6/2008,5.24
2/7/2008,5.25
2/8/2008,5.35
2/11/2008,5.42
2/12/2008,5.4
2/13/2008,5.42
2/14/2008,5.33
2/15/2008,5.36
2/18/2008,5.36
2/19/2008,5.33
2/20/2008,5.32
2/21/2008,5.42
2/22/2008,5.42
2/25/2008,5.29
2/26/2008,5.3
2/27/2008,5.34
2/28/2008,5.51
2/29/2008,5.37
3/3/2008,5.43
3/4/2008,5.43
3/5/2008,5.38
3/6/2008,5.48
3/7/2008,5.57
3/10/2008,5.67
3/11/2008,5.62
3/12/2008,5.82
3/13/2008,5.92
3/14/2008,5.99
3/17/2008,6.2
3/18/2008,6.03
3/19/2008,6.02
3/20/2008,6.04
3/21/2008,.
3/24/2008,5.79
3/25/2008,5.73
3/26/2008,5.73
3/27/2008,5.67
3/28/2008,5.72
3/31/2008,6.04
4/1/2008,5.88
4/2/2008,5.77
4/3/2008,5.7
4/4/2008,5.68
4/7/2008,5.48
4/8/2008,5.49
4/9/2008,5.6
4/10/2008,5.59
4/11/2008,5.65
4/14/2008,5.63
4/15/2008,5.55
4/16/2008,5.39
4/17/2008,5.31
4/18/2008,5.15
4/21/2008,5.13
4/22/2008,5.09
4/23/2008,5.07
4/24/2008,4.97
4/25/2008,4.91
4/28/2008,4.94
4/29/2008,4.96
4/30/2008,4.62
5/1/2008,4.59
5/2/2008,4.49
5/5/2008,4.49
5/6/2008,4.51
5/7/2008,4.53
5/8/2008,4.62
5/9/2008,4.66
5/12/2008,4.66
5/13/2008,4.54
5/14/2008,4.46
5/15/2008,4.53
5/16/2008,4.51
5/19/2008,4.53
5/20/2008,4.59
5/21/2008,4.56
5/22/2008,4.5
5/23/2008,4.59
5/26/2008,4.59
5/27/2008,4.55
5/28/2008,4.44
5/29/2008,4.41
5/30/2008,4.43
5/31/2008,4.55
6/2/2008,4.65
6/3/2008,4.74
6/4/2008,4.74
6/5/2008,4.62
6/6/2008,4.68
6/9/2008,4.57
6/10/2008,4.49
6/11/2008,4.56
6/12/2008,4.45
6/13/2008,4.4
6/16/2008,4.41
6/17/2008,4.45
6/18/2008,4.55
6/19/2008,4.54
6/20/2008,4.65
6/23/2008,4.64
6/24/2008,4.8
6/25/2008,4.81
6/26/2008,4.98
6/27/2008,5.04
6/30/2008,5.09
7/1/2008,5.14
7/2/2008,5.18
7/3/2008,5.23
7/4/2008,5.23
7/7/2008,5.32
7/8/2008,5.41
7/9/2008,5.44
7/10/2008,5.48
7/11/2008,5.42
7/14/2008,5.45
7/15/2008,5.56
7/16/2008,5.52
7/17/2008,5.37
7/18/2008,5.31
7/21/2008,5.29
7/22/2008,5.27
7/23/2008,5.18
7/24/2008,5.34
7/25/2008,5.29
7/28/2008,5.4
7/29/2008,5.4
7/30/2008,5.38
7/31/2008,5.51
8/1/2008,5.56
8/4/2008,5.54
8/5/2008,5.51
8/6/2008,5.46
8/7/2008,5.58
8/8/2008,5.56
8/11/2008,5.51
8/12/2008,5.57
8/13/2008,5.52
8/14/2008,5.55
8/15/2008,5.57
8/18/2008,5.61
8/19/2008,5.63
8/20/2008,5.7
8/21/2008,5.67
8/22/2008,5.63
8/25/2008,5.69
8/26/2008,5.68
8/27/2008,5.69
8/28/2008,5.67
8/29/2008,5.65
8/31/2008,5.68
9/1/2008,5.68
9/2/2008,5.74
9/3/2008,5.8
9/4/2008,5.86
9/5/2008,5.85
9/8/2008,5.8
9/9/2008,5.87
9/10/2008,5.89
9/11/2008,5.98
9/12/2008,5.93
9/15/2008,6.33
9/16/2008,6.48
9/17/2008,6.77
9/18/2008,6.88
9/19/2008,6.44
9/22/2008,6.4
9/23/2008,6.48
9/24/2008,6.66
9/25/2008,6.76
9/26/2008,7
9/29/2008,7.43
9/30/2008,7.31
10/1/2008,7.52
10/2/2008,8.01
10/3/2008,8.16
10/6/2008,8.76
10/7/2008,8.88
10/8/2008,9.06
10/9/2008,9.3
10/10/2008,10.24
10/13/2008,10.25
10/14/2008,9.69
10/15/2008,10.22
10/16/2008,10.7
10/17/2008,10.98
10/20/2008,11.05
10/21/2008,11.21
10/22/2008,11.38
10/23/2008,11.5
10/24/2008,11.8
10/27/2008,11.96
10/28/2008,11.97
10/29/2008,11.98
10/30/2008,11.76
10/31/2008,11.87
11/3/2008,11.97
11/4/2008,11.87
11/5/2008,11.62
11/6/2008,11.67
11/7/2008,11.6
11/10/2008,11.62
11/11/2008,11.63
11/12/2008,11.83
11/13/2008,11.99
11/14/2008,12.14
11/17/2008,12.34
11/18/2008,12.73
11/19/2008,13.15
11/20/2008,13.8
11/21/2008,14.05
11/24/2008,13.91
11/25/2008,13.92
11/26/2008,13.94
11/27/2008,13.95
11/28/2008,13.96
11/30/2008,13.96
12/1/2008,14.24
12/2/2008,14.23
12/3/2008,14.44
12/4/2008,14.54
12/5/2008,14.61
12/8/2008,14.48
12/9/2008,14.49
12/10/2008,14.44
12/11/2008,14.52
12/12/2008,14.63
12/15/2008,14.59
12/16/2008,14.68
12/17/2008,14.51
12/18/2008,14.23
12/19/2008,13.96
12/22/2008,13.81
12/23/2008,13.57
12/24/2008,13.51
12/25/2008,.
12/26/2008,13.55
12/29/2008,13.47
12/30/2008,13.22
12/31/2008,13.06
1/1/2009,.
1/2/2009,12.83
1/5/2009,12.51
1/6/2009,11.91
1/7/2009,11.71
1/8/2009,11.81
1/9/2009,11.75
1/12/2009,11.75
1/13/2009,11.73
1/14/2009,11.76
1/15/2009,11.82
1/16/2009,11.67
1/19/2009,11.68
1/20/2009,11.65
1/21/2009,11.54
1/22/2009,11.47
1/23/2009,11.44
1/26/2009,11.43
1/27/2009,11.48
1/28/2009,11.16
1/29/2009,10.99
1/30/2009,10.98
1/31/2009,11.26
2/2/2009,11.37
2/3/2009,11.28
2/4/2009,11.15
2/5/2009,11.12
2/6/2009,11.01
2/9/2009,10.89
2/10/2009,10.95
2/11/2009,11.01
2/12/2009,11.13
2/13/2009,11.02
2/16/2009,11
2/17/2009,11.29
2/18/2009,11.3
2/19/2009,11.18
2/20/2009,11.37
2/23/2009,11.38
2/24/2009,11.58
2/25/2009,11.54
2/26/2009,11.49
2/27/2009,11.59
2/28/2009,10.97
3/2/2009,11.28
3/3/2009,11.44
3/4/2009,11.52
3/5/2009,11.82
3/6/2009,11.85
3/9/2009,11.95
3/10/2009,11.92
3/11/2009,11.73
3/12/2009,11.79
3/13/2009,11.69
3/16/2009,11.46
3/17/2009,11.4
3/18/2009,11.79
3/19/2009,11.59
3/20/2009,11.56
3/23/2009,11.44
3/24/2009,11.38
3/25/2009,11.17
3/26/2009,11.05
3/27/2009,10.93
3/30/2009,10.98
3/31/2009,11.12
4/1/2009,11.13
4/2/2009,10.89
4/3/2009,10.72
4/6/2009,10.63
4/7/2009,10.62
4/8/2009,10.55
4/9/2009,10.37
4/10/2009,.
4/13/2009,10.38
4/14/2009,10.27
4/15/2009,10.19
4/16/2009,9.96
4/17/2009,9.67
4/20/2009,9.78
4/21/2009,9.86
4/22/2009,9.81
4/23/2009,9.78
4/24/2009,9.59
4/27/2009,9.64
4/28/2009,9.56
4/29/2009,9.35
4/30/2009,9.31
5/1/2009,9.22
5/4/2009,9.12
5/5/2009,9.04
5/6/2009,8.94
5/7/2009,8.7
5/8/2009,8.6
5/11/2009,8.72
5/12/2009,8.82
5/13/2009,8.96
5/14/2009,9
5/15/2009,9.04
5/18/2009,8.99
5/19/2009,8.9
5/20/2009,8.8
5/21/2009,8.7
5/22/2009,8.5
5/25/2009,8.5
5/26/2009,8.45
5/27/2009,8.26
5/28/2009,8.17
5/29/2009,8.22
5/31/2009,8.31
6/1/2009,8.04
6/2/2009,7.94
6/3/2009,7.92
6/4/2009,7.79
6/5/2009,7.55
6/8/2009,7.48
6/9/2009,7.51
6/10/2009,7.41
6/11/2009,7.43
6/12/2009,7.41
6/15/2009,7.41
6/16/2009,7.48
6/17/2009,7.6
6/18/2009,7.58
6/19/2009,7.6
6/22/2009,7.71
6/23/2009,7.78
6/24/2009,7.82
6/25/2009,7.91
6/26/2009,7.93
6/29/2009,7.93
6/30/2009,7.82
7/1/2009,7.8
7/2/2009,7.81
7/3/2009,7.81
7/6/2009,7.87
7/7/2009,7.87
7/8/2009,8.05
7/9/2009,8.02
7/10/2009,8.1
7/13/2009,8.14
7/14/2009,7.99
7/15/2009,7.79
7/16/2009,7.94
7/17/2009,7.78
7/20/2009,7.75
7/21/2009,7.71
7/22/2009,7.64
7/23/2009,7.42
7/24/2009,7.35
7/27/2009,7.23
7/28/2009,7.14
7/29/2009,7.06
7/30/2009,6.99
7/31/2009,6.54
8/3/2009,6.39
8/4/2009,6.31
8/5/2009,6.21
8/6/2009,6.17
8/7/2009,6.03
8/10/2009,6.05
8/11/2009,6.09
8/12/2009,6.2
8/13/2009,6.3
8/14/2009,6.33
8/17/2009,6.49
8/18/2009,6.51
8/19/2009,6.57
8/20/2009,6.59
8/21/2009,6.45
8/24/2009,6.47
8/25/2009,6.44
8/26/2009,6.44
8/27/2009,6.4
8/28/2009,6.39
8/31/2009,6.54
9/1/2009,6.58
9/2/2009,6.62
9/3/2009,6.6
9/4/2009,6.52
9/7/2009,6.53
9/8/2009,6.49
9/9/2009,6.45
9/10/2009,6.45
9/11/2009,6.37
9/14/2009,6.18
9/15/2009,6.04
9/16/2009,5.88
9/17/2009,5.87
9/18/2009,5.79
9/21/2009,5.77
9/22/2009,5.74
9/23/2009,5.72
9/24/2009,5.7
9/25/2009,5.71
9/28/2009,5.75
9/29/2009,5.73
9/30/2009,5.55
10/1/2009,5.69
10/2/2009,5.74
10/5/2009,5.7
10/6/2009,5.61
10/7/2009,5.63
10/8/2009,5.55
10/9/2009,5.45
10/12/2009,5.45
10/13/2009,5.5
10/14/2009,5.37
10/15/2009,5.32
10/16/2009,5.33
10/19/2009,5.34
10/20/2009,5.35
10/21/2009,5.27
10/22/2009,5.27
10/23/2009,5.2
10/26/2009,5.13
10/27/2009,5.23
10/28/2009,5.33
10/29/2009,5.29
10/30/2009,5.38
10/31/2009,5.52
11/2/2009,5.54
11/3/2009,5.54
11/4/2009,5.5
11/5/2009,5.52
11/6/2009,5.55
11/9/2009,5.54
11/10/2009,5.5
11/11/2009,5.5
11/12/2009,5.54
11/13/2009,5.51
11/16/2009,5.55
11/17/2009,5.55
11/18/2009,5.51
11/19/2009,5.54
11/20/2009,5.55
11/23/2009,5.55
11/24/2009,5.6
11/25/2009,5.62
11/26/2009,5.62
11/27/2009,5.68
11/30/2009,5.78
12/1/2009,5.75
12/2/2009,5.67
12/3/2009,5.59
12/4/2009,5.46
12/7/2009,5.48
12/8/2009,5.51
12/9/2009,5.47
12/10/2009,5.39
12/11/2009,5.31
12/14/2009,5.22
12/15/2009,5.12
12/16/2009,5.09
12/17/2009,5.17
12/18/2009,5.11
12/21/2009,5
12/22/2009,4.94
12/23/2009,4.9
12/24/2009,4.85
12/25/2009,.
12/28/2009,4.81
12/29/2009,4.82
12/30/2009,4.82
12/31/2009,4.73
1/1/2010,.
1/4/2010,4.72
1/5/2010,4.71
1/6/2010,4.62
1/7/2010,4.53
1/8/2010,4.51
1/11/2010,4.47
1/12/2010,4.53
1/13/2010,4.49
1/14/2010,4.52
1/15/2010,4.57
1/18/2010,4.57
1/19/2010,4.56
1/20/2010,4.61
1/21/2010,4.66
1/22/2010,4.74
1/25/2010,4.77
1/26/2010,4.79
1/27/2010,4.77
1/28/2010,4.78
1/29/2010,4.83
1/31/2010,4.98
2/1/2010,4.97
2/2/2010,4.96
2/3/2010,4.89
2/4/2010,4.99
2/5/2010,5.13
2/8/2010,5.15
2/9/2010,5.16
2/10/2010,5.16
2/11/2010,5.21
2/12/2010,5.26
2/15/2010,5.25
2/16/2010,5.27
2/17/2010,5.11
2/18/2010,4.99
2/19/2010,4.9
2/22/2010,4.86
2/23/2010,4.92
2/24/2010,4.89
2/25/2010,4.95
2/26/2010,4.97
2/28/2010,5.01
3/1/2010,4.98
3/2/2010,4.91
3/3/2010,4.87
3/4/2010,4.83
3/5/2010,4.73
3/8/2010,4.65
3/9/2010,4.62
3/10/2010,4.53
3/11/2010,4.52
3/12/2010,4.49
3/15/2010,4.49
3/16/2010,4.53
3/17/2010,4.49
3/18/2010,4.4
3/19/2010,4.37
3/22/2010,4.4
3/23/2010,4.39
3/24/2010,4.25
3/25/2010,4.18
3/26/2010,4.19
3/29/2010,4.18
3/30/2010,4.17
3/31/2010,4.21
4/1/2010,4.2
4/2/2010,.
4/5/2010,4.07
4/6/2010,4.07
4/7/2010,4.14
4/8/2010,4.12
4/9/2010,4.1
4/12/2010,4.12
4/13/2010,4.11
4/14/2010,4.04
4/15/2010,4.01
4/16/2010,4.04
4/19/2010,4.03
4/20/2010,4
4/21/2010,4.02
4/22/2010,3.96
4/23/2010,3.92
4/26/2010,3.91
4/27/2010,4.03
4/28/2010,3.98
4/29/2010,4.02
4/30/2010,4.15
5/3/2010,4.12
5/4/2010,4.23
5/5/2010,4.41
5/6/2010,4.71
5/7/2010,4.85
5/10/2010,4.68
5/11/2010,4.75
5/12/2010,4.64
5/13/2010,4.6
5/14/2010,4.75
5/17/2010,4.77
5/18/2010,4.84
5/19/2010,4.93
5/20/2010,5.19
5/21/2010,5.28
5/24/2010,5.24
5/25/2010,5.45
5/26/2010,5.34
5/27/2010,5.17
5/28/2010,5.19
5/31/2010,5.27
6/1/2010,5.3
6/2/2010,5.31
6/3/2010,5.22
6/4/2010,5.41
6/7/2010,5.44
6/8/2010,5.51
6/9/2010,5.5
6/10/2010,5.43
6/11/2010,5.51
6/14/2010,5.42
6/15/2010,5.32
6/16/2010,5.27
6/17/2010,5.25
6/18/2010,5.17
6/21/2010,5.05
6/22/2010,5.1
6/23/2010,5.16
6/24/2010,5.19
6/25/2010,5.2
6/28/2010,5.23
6/29/2010,5.3
6/30/2010,5.35
7/1/2010,5.37
7/2/2010,5.34
7/5/2010,5.34
7/6/2010,5.36
7/7/2010,5.31
7/8/2010,5.23
7/9/2010,5.15
7/12/2010,5.11
7/13/2010,4.98
7/14/2010,4.98
7/15/2010,5.01
7/16/2010,5.04
7/19/2010,5.05
7/20/2010,5.06
7/21/2010,5.03
7/22/2010,4.95
7/23/2010,4.88
7/26/2010,4.84
7/27/2010,4.75
7/28/2010,4.77
7/29/2010,4.78
7/30/2010,4.84
7/31/2010,4.87
8/2/2010,4.84
8/3/2010,4.84
8/4/2010,4.79
8/5/2010,4.81
8/6/2010,4.85
8/9/2010,4.83
8/10/2010,4.88
8/11/2010,5.01
8/12/2010,5.03
8/13/2010,5.05
8/16/2010,5.08
8/17/2010,5.01
8/18/2010,4.98
8/19/2010,5
8/20/2010,4.98
8/23/2010,4.98
8/24/2010,5.08
8/25/2010,5.07
8/26/2010,5.07
8/27/2010,4.96
8/30/2010,5.04
8/31/2010,5.15
9/1/2010,5.04
9/2/2010,4.97
9/3/2010,4.9
9/6/2010,4.89
9/7/2010,4.95
9/8/2010,4.87
9/9/2010,4.76
9/10/2010,4.68
9/13/2010,4.67
9/14/2010,4.67
9/15/2010,4.63
9/16/2010,4.59
9/17/2010,4.58
9/20/2010,4.57
9/21/2010,4.63
9/22/2010,4.65
9/23/2010,4.66
9/24/2010,4.62
9/27/2010,4.66
9/28/2010,4.68
9/29/2010,4.61
9/30/2010,4.6
10/1/2010,4.58
10/4/2010,4.6
10/5/2010,4.57
10/6/2010,4.56
10/7/2010,4.54
10/8/2010,4.54
10/11/2010,4.54
10/12/2010,4.5
10/13/2010,4.46
10/14/2010,4.42
10/15/2010,4.38
10/18/2010,4.44
10/19/2010,4.45
10/20/2010,4.47
10/21/2010,4.41
10/22/2010,4.39
10/25/2010,4.34
10/26/2010,4.25
10/27/2010,4.19
10/28/2010,4.25
10/29/2010,4.28
10/31/2010,4.39
11/1/2010,4.4
11/2/2010,4.41
11/3/2010,4.4
11/4/2010,4.41
11/5/2010,4.33
11/8/2010,4.31
11/9/2010,4.22
11/10/2010,4.29
11/11/2010,4.29
11/12/2010,4.28
11/15/2010,4.21
11/16/2010,4.39
11/17/2010,4.4
11/18/2010,4.34
11/19/2010,4.35
11/22/2010,4.43
11/23/2010,4.54
11/24/2010,4.46
11/25/2010,4.45
11/26/2010,4.48
11/29/2010,4.56
11/30/2010,4.69
12/1/2010,4.53
12/2/2010,4.46
12/3/2010,4.45
12/6/2010,4.48
12/7/2010,4.27
12/8/2010,4.2
12/9/2010,4.18
12/10/2010,4.14
12/13/2010,4.18
12/14/2010,4.04
12/15/2010,4.01
12/16/2010,4.06
12/17/2010,4.16
12/20/2010,4.14
12/21/2010,4.14
12/22/2010,4.1
12/23/2010,4.03
12/24/2010,4.03
12/27/2010,4.06
12/28/2010,3.95
12/29/2010,4.06
12/30/2010,4.01
12/31/2010,4.08
1/3/2011,4.02
1/4/2011,3.98
1/5/2011,3.83
1/6/2011,3.86
1/7/2011,3.95
1/10/2011,3.98
1/11/2011,3.92
1/12/2011,3.9
1/13/2011,3.92
1/14/2011,3.87
1/17/2011,3.87
1/18/2011,3.86
1/19/2011,3.87
1/20/2011,3.78
1/21/2011,3.81
1/24/2011,3.79
1/25/2011,3.82
1/26/2011,3.76
1/27/2011,3.78
1/28/2011,3.81
1/31/2011,3.86
2/1/2011,3.78
2/2/2011,3.7
2/3/2011,3.64
2/4/2011,3.51
2/7/2011,3.48
2/8/2011,3.38
2/9/2011,3.45
2/10/2011,3.4
2/11/2011,3.44
2/14/2011,3.44
2/15/2011,3.41
2/16/2011,3.39
2/17/2011,3.41
2/18/2011,3.39
2/21/2011,3.39
2/22/2011,3.51
2/23/2011,3.52
2/24/2011,3.56
2/25/2011,3.57
2/28/2011,3.61
3/1/2011,3.6
3/2/2011,3.55
3/3/2011,3.45
3/4/2011,3.51
3/7/2011,3.51
3/8/2011,3.45
3/9/2011,3.51
3/10/2011,3.62
3/11/2011,3.64
3/14/2011,3.68
3/15/2011,3.8
3/16/2011,3.87
3/17/2011,3.82
3/18/2011,3.76
3/21/2011,3.69
3/22/2011,3.68
3/23/2011,3.67
3/24/2011,3.59
3/25/2011,3.56
3/28/2011,3.53
3/29/2011,3.5
3/30/2011,3.53
3/31/2011,3.51
4/1/2011,3.48
4/4/2011,3.48
4/5/2011,3.42
4/6/2011,3.35
4/7/2011,3.34
4/8/2011,3.31
4/11/2011,3.31
4/12/2011,3.41
4/13/2011,3.41
4/14/2011,3.37
4/15/2011,3.44
4/18/2011,3.48
4/19/2011,3.5
4/20/2011,3.42
4/21/2011,3.41
4/22/2011,.
4/25/2011,3.46
4/26/2011,3.48
4/27/2011,3.45
4/28/2011,3.5
4/29/2011,3.48
4/30/2011,3.54
5/2/2011,3.53
5/3/2011,3.55
5/4/2011,3.54
5/5/2011,3.56
5/6/2011,3.58
5/9/2011,3.59
5/10/2011,3.55
5/11/2011,3.57
5/12/2011,3.55
5/13/2011,3.56
5/16/2011,3.55
5/17/2011,3.57
5/18/2011,3.55
5/19/2011,3.55
5/20/2011,3.56
5/23/2011,3.59
5/24/2011,3.58
5/25/2011,3.59
5/26/2011,3.66
5/27/2011,3.67
5/30/2011,3.66
5/31/2011,3.8
6/1/2011,3.84
6/2/2011,3.85
6/3/2011,3.93
6/6/2011,3.93
6/7/2011,3.96
6/8/2011,4.04
6/9/2011,4.03
6/10/2011,4.07
6/13/2011,4.09
6/14/2011,4.01
6/15/2011,4.13
6/16/2011,4.24
6/17/2011,4.23
6/20/2011,4.24
6/21/2011,4.22
6/22/2011,4.21
6/23/2011,4.31
6/24/2011,4.36
6/27/2011,4.34
6/28/2011,4.24
6/29/2011,4.14
6/30/2011,4.05
7/1/2011,3.98
7/4/2011,3.98
7/5/2011,4
7/6/2011,4.04
7/7/2011,3.93
7/8/2011,4.03
7/11/2011,4.15
7/12/2011,4.18
7/13/2011,4.16
7/14/2011,4.11
7/15/2011,4.14
7/18/2011,4.15
7/19/2011,4.15
7/20/2011,4.09
7/21/2011,4.02
7/22/2011,4.01
7/25/2011,3.98
7/26/2011,3.99
7/27/2011,3.95
7/28/2011,3.98
7/29/2011,4.1
7/31/2011,4.14
8/1/2011,4.17
8/2/2011,4.3
8/3/2011,4.34
8/4/2011,4.56
8/5/2011,4.62
8/8/2011,5.11
8/9/2011,5.44
8/10/2011,5.53
8/11/2011,5.6
8/12/2011,5.54
8/15/2011,5.38
8/16/2011,5.39
8/17/2011,5.37
8/18/2011,5.5
8/19/2011,5.54
8/22/2011,5.57
8/23/2011,5.69
8/24/2011,5.67
8/25/2011,5.62
8/26/2011,5.66
8/29/2011,5.56
8/30/2011,5.56
8/31/2011,5.53
9/1/2011,5.51
9/2/2011,5.56
9/5/2011,5.56
9/6/2011,5.72
9/7/2011,5.61
9/8/2011,5.62
9/9/2011,5.69
9/12/2011,5.79
9/13/2011,5.78
9/14/2011,5.71
9/15/2011,5.65
9/16/2011,5.62
9/19/2011,5.77
9/20/2011,5.73
9/21/2011,5.74
9/22/2011,6.06
9/23/2011,6.11
9/26/2011,6.11
9/27/2011,6.01
9/28/2011,6.1
9/29/2011,6.2
9/30/2011,6.41
10/3/2011,6.7
10/4/2011,7.02
10/5/2011,6.88
10/6/2011,6.65
10/7/2011,6.52
10/10/2011,6.52
10/11/2011,6.32
10/12/2011,6.09
10/13/2011,6.07
10/14/2011,5.95
10/17/2011,5.94
10/18/2011,5.93
10/19/2011,5.8
10/20/2011,5.74
10/21/2011,5.61
10/24/2011,5.48
10/25/2011,5.48
10/26/2011,5.41
10/27/2011,5.1
10/28/2011,5.13
10/31/2011,5.25
11/1/2011,5.53
11/2/2011,5.47
11/3/2011,5.39
11/4/2011,5.39
11/7/2011,5.42
11/8/2011,5.36
11/9/2011,5.56
11/10/2011,5.53
11/11/2011,5.53
11/14/2011,5.52
11/15/2011,5.57
11/16/2011,5.6
11/17/2011,5.67
11/18/2011,5.64
11/21/2011,5.78
11/22/2011,5.87
11/23/2011,5.98
11/24/2011,5.98
11/25/2011,5.95
11/28/2011,5.91
11/29/2011,5.92
11/30/2011,5.76
12/1/2011,5.68
12/2/2011,5.66
12/5/2011,5.58
12/6/2011,5.54
12/7/2011,5.57
12/8/2011,5.59
12/9/2011,5.56
12/12/2011,5.6
12/13/2011,5.61
12/14/2011,5.65
12/15/2011,5.64
12/16/2011,5.68
12/19/2011,5.68
12/20/2011,5.58
12/21/2011,5.53
12/22/2011,5.5
12/23/2011,5.43
12/26/2011,.
12/27/2011,5.43
12/28/2011,5.47
12/29/2011,5.45
12/30/2011,5.45
12/31/2011,5.1
1/2/2012,.
1/3/2012,4.98
1/4/2012,4.94
1/5/2012,4.93
1/6/2012,4.94
1/9/2012,4.93
1/10/2012,4.89
1/11/2012,4.93
1/12/2012,4.92
1/13/2012,5
1/16/2012,4.98
1/17/2012,4.98
1/18/2012,4.92
1/19/2012,4.8
1/20/2012,4.77
1/23/2012,4.7
1/24/2012,4.68
1/25/2012,4.71
1/26/2012,4.66
1/27/2012,4.66
1/30/2012,4.72
1/31/2012,4.7
2/1/2012,4.64
2/2/2012,4.64
2/3/2012,4.53
2/6/2012,4.56
2/7/2012,4.48
2/8/2012,4.43
2/9/2012,4.39
2/10/2012,4.49
2/13/2012,4.43
2/14/2012,4.44
2/15/2012,4.42
2/16/2012,4.4
2/17/2012,4.36
2/20/2012,4.35
2/21/2012,4.31
2/22/2012,4.31
2/23/2012,4.29
2/24/2012,4.21
2/27/2012,4.26
2/28/2012,4.22
2/29/2012,4.18
3/1/2012,4.14
3/2/2012,4.17
3/5/2012,4.2
3/6/2012,4.38
3/7/2012,4.34
3/8/2012,4.27
3/9/2012,4.24
3/12/2012,4.23
3/13/2012,4.16
3/14/2012,4.05
3/15/2012,4.09
3/16/2012,4.09
3/19/2012,4.04
3/20/2012,4.06
3/21/2012,4.1
3/22/2012,4.14
3/23/2012,4.17
3/26/2012,4.15
3/27/2012,4.18
3/28/2012,4.18
3/29/2012,4.24
3/30/2012,4.18
3/31/2012,4.24
4/2/2012,4.26
4/3/2012,4.19
4/4/2012,4.24
4/5/2012,4.3
4/6/2012,.
4/9/2012,4.46
4/10/2012,4.53
4/11/2012,4.5
4/12/2012,4.46
4/13/2012,4.48
4/16/2012,4.46
4/17/2012,4.41
4/18/2012,4.42
4/19/2012,4.44
4/20/2012,4.42
4/23/2012,4.45
4/24/2012,4.38
4/25/2012,4.31
4/26/2012,4.32
4/27/2012,4.31
4/30/2012,4.33
5/1/2012,4.26
5/2/2012,4.27
5/3/2012,4.24
5/4/2012,4.25
5/7/2012,4.26
5/8/2012,4.28
5/9/2012,4.31
5/10/2012,4.28
5/11/2012,4.3
5/14/2012,4.38
5/15/2012,4.4
5/16/2012,4.46
5/17/2012,4.64
5/18/2012,4.7
5/21/2012,4.75
5/22/2012,4.67
5/23/2012,4.73
5/24/2012,4.7
5/25/2012,4.71
5/28/2012,4.71
5/29/2012,4.68
5/30/2012,4.78
5/31/2012,5.07
6/1/2012,5.23
6/4/2012,5.23
6/5/2012,5.27
6/6/2012,5.13
6/7/2012,5.06
6/8/2012,5.05
6/11/2012,5
6/12/2012,4.99
6/13/2012,4.99
6/14/2012,4.95
6/15/2012,4.94
6/18/2012,4.91
6/19/2012,4.78
6/20/2012,4.69
6/21/2012,4.68
6/22/2012,4.68
6/25/2012,4.73
6/26/2012,4.7
6/27/2012,4.65
6/28/2012,4.65
6/29/2012,4.53
6/30/2012,4.73
7/2/2012,4.75
7/3/2012,4.7
7/4/2012,4.69
7/5/2012,4.71
7/6/2012,4.74
7/9/2012,4.74
7/10/2012,4.7
7/11/2012,4.66
7/12/2012,4.7
7/13/2012,4.69
7/16/2012,4.66
7/17/2012,4.61
7/18/2012,4.6
7/19/2012,4.54
7/20/2012,4.57
7/23/2012,4.65
7/24/2012,4.64
7/25/2012,4.64
7/26/2012,4.6
7/27/2012,4.49
7/30/2012,4.47
7/31/2012,4.45
8/1/2012,4.38
8/2/2012,4.42
8/3/2012,4.32
8/6/2012,4.3
8/7/2012,4.21
8/8/2012,4.21
8/9/2012,4.21
8/10/2012,4.26
8/13/2012,4.25
8/14/2012,4.2
8/15/2012,4.16
8/16/2012,4.17
8/17/2012,4.16
8/20/2012,4.16
8/21/2012,4.15
8/22/2012,4.21
8/23/2012,4.21
8/24/2012,4.2
8/27/2012,4.19
8/28/2012,4.2
8/29/2012,4.17
8/30/2012,4.19
8/31/2012,4.32
9/3/2012,4.32
9/4/2012,4.28
9/5/2012,4.26
9/6/2012,4.17
9/7/2012,4.14
9/10/2012,4.09
9/11/2012,4.06
9/12/2012,3.96
9/13/2012,3.96
9/14/2012,3.79
9/17/2012,3.81
9/18/2012,3.82
9/19/2012,3.83
9/20/2012,3.87
9/21/2012,3.9
9/24/2012,3.96
9/25/2012,4.03
9/26/2012,4.21
9/27/2012,4.13
9/28/2012,4.13
9/30/2012,4.14
10/1/2012,4.11
10/2/2012,4.12
10/3/2012,4.1
10/4/2012,4.04
10/5/2012,3.98
10/8/2012,3.97
10/9/2012,3.98
10/10/2012,4
10/11/2012,3.98
10/12/2012,3.99
10/15/2012,3.94
10/16/2012,3.86
10/17/2012,3.74
10/18/2012,3.71
10/19/2012,3.77
10/22/2012,3.74
10/23/2012,3.82
10/24/2012,3.82
10/25/2012,3.77
10/26/2012,3.85
10/29/2012,3.88
10/30/2012,.
10/31/2012,3.95
11/1/2012,3.89
11/2/2012,3.87
11/5/2012,3.9
11/6/2012,3.83
11/7/2012,3.96
11/8/2012,3.99
11/9/2012,4.07
11/12/2012,4.07
11/13/2012,4.11
11/14/2012,4.13
11/15/2012,4.23
11/16/2012,4.24
11/19/2012,4.16
11/20/2012,4.09
11/21/2012,4.01
11/22/2012,4.01
11/23/2012,4
11/26/2012,3.97
11/27/2012,3.95
11/28/2012,3.95
11/29/2012,3.9
11/30/2012,4.01
12/3/2012,3.97
12/4/2012,3.95
12/5/2012,3.91
12/6/2012,3.87
12/7/2012,3.8
12/10/2012,3.8
12/11/2012,3.75
12/12/2012,3.72
12/13/2012,3.69
12/14/2012,3.72
12/17/2012,3.73
12/18/2012,3.63
12/19/2012,3.64
12/20/2012,3.64
12/21/2012,3.71
12/24/2012,3.69
12/25/2012,.
12/26/2012,3.7
12/27/2012,3.74
12/28/2012,3.74
12/31/2012,3.75
1/1/2013,.
1/2/2013,3.6
1/3/2013,3.52
1/4/2013,3.51
1/7/2013,3.49
1/8/2013,3.5
1/9/2013,3.49
1/10/2013,3.44
1/11/2013,3.43
1/14/2013,3.42
1/15/2013,3.46
1/16/2013,3.46
1/17/2013,3.41
1/18/2013,3.42
1/21/2013,3.42
1/22/2013,3.41
1/23/2013,3.4
1/24/2013,3.38
1/25/2013,3.3
1/28/2013,3.29
1/29/2013,3.35
1/30/2013,3.4
1/31/2013,3.45
2/1/2013,3.44
2/4/2013,3.51
2/5/2013,3.5
2/6/2013,3.54
2/7/2013,3.56
2/8/2013,3.57
2/11/2013,3.55
2/12/2013,3.52
2/13/2013,3.47
2/14/2013,3.49
2/15/2013,3.48
2/18/2013,3.48
2/19/2013,3.46
2/20/2013,3.46
2/21/2013,3.53
2/22/2013,3.51
2/25/2013,3.51
2/26/2013,3.56
2/27/2013,3.54
2/28/2013,3.52
3/1/2013,3.53
3/4/2013,3.52
3/5/2013,3.47
3/6/2013,3.44
3/7/2013,3.38
3/8/2013,3.34
3/11/2013,3.34
3/12/2013,3.34
3/13/2013,3.34
3/14/2013,3.33
3/15/2013,3.35
3/18/2013,3.39
3/19/2013,3.4
3/20/2013,3.38
3/21/2013,3.38
3/22/2013,3.41
3/25/2013,3.39
3/26/2013,3.41
3/27/2013,3.45
3/28/2013,3.45
3/29/2013,.
3/31/2013,3.52
4/1/2013,3.53
4/2/2013,3.52
4/3/2013,3.54
4/4/2013,3.57
4/5/2013,3.61
4/8/2013,3.57
4/9/2013,3.54
4/10/2013,3.46
4/11/2013,3.43
4/12/2013,3.46
4/15/2013,3.48
4/16/2013,3.46
4/17/2013,3.47
4/18/2013,3.46
4/19/2013,3.45
4/22/2013,3.43
4/23/2013,3.38
4/24/2013,3.35
4/25/2013,3.3
4/26/2013,3.31
4/29/2013,3.27
4/30/2013,3.3
5/1/2013,3.28
5/2/2013,3.25
5/3/2013,3.14
5/6/2013,3.11
5/7/2013,3.06
5/8/2013,3.06
5/9/2013,3.04
5/10/2013,3.03
5/13/2013,3.11
5/14/2013,3.1
5/15/2013,3.12
5/16/2013,3.18
5/17/2013,3.13
5/20/2013,3.11
5/21/2013,3.12
5/22/2013,3.07
5/23/2013,3.19
5/24/2013,3.21
5/27/2013,3.21
5/28/2013,3.12
5/29/2013,3.27
5/30/2013,3.28
5/31/2013,3.32
6/3/2013,3.44
6/4/2013,3.46
6/5/2013,3.67
6/6/2013,3.7
6/7/2013,3.52
6/10/2013,3.52
6/11/2013,3.69
6/12/2013,3.65
6/13/2013,3.74
6/14/2013,3.69
6/17/2013,3.64
6/18/2013,3.63
6/19/2013,3.52
6/20/2013,3.76
6/21/2013,3.73
6/24/2013,3.96
6/25/2013,3.95
6/26/2013,3.92
6/27/2013,3.85
6/28/2013,3.81
6/30/2013,3.86
7/1/2013,3.82
7/2/2013,3.8
7/3/2013,3.8
7/4/2013,3.8
7/5/2013,3.7
7/8/2013,3.75
7/9/2013,3.7
7/10/2013,3.65
7/11/2013,3.61
7/12/2013,3.51
7/15/2013,3.5
7/16/2013,3.45
7/17/2013,3.43
7/18/2013,3.32
7/19/2013,3.32
7/22/2013,3.29
7/23/2013,3.27
7/24/2013,3.3
7/25/2013,3.38
7/26/2013,3.44
7/29/2013,3.42
7/30/2013,3.39
7/31/2013,3.45
8/1/2013,3.35
8/2/2013,3.46
8/5/2013,3.45
8/6/2013,3.47
8/7/2013,3.52
8/8/2013,3.5
8/9/2013,3.51
8/12/2013,3.49
8/13/2013,3.43
8/14/2013,3.42
8/15/2013,3.46
8/16/2013,3.42
8/19/2013,3.42
8/20/2013,3.52
8/21/2013,3.49
8/22/2013,3.45
8/23/2013,3.47
8/26/2013,3.47
8/27/2013,3.53
8/28/2013,3.49
8/29/2013,3.48
8/30/2013,.
9/2/2013,3.48
9/3/2013,3.39
9/4/2013,3.35
9/5/2013,3.31
9/6/2013,3.34
9/9/2013,3.37
9/10/2013,3.32
9/11/2013,3.33
9/12/2013,3.32
9/13/2013,3.31
9/16/2013,3.28
9/17/2013,3.32
9/18/2013,3.39
9/19/2013,3.25
9/20/2013,3.28
9/23/2013,3.31
9/24/2013,3.35
9/25/2013,3.38
9/26/2013,3.37
9/27/2013,3.4
9/30/2013,3.51
10/1/2013,3.45
10/2/2013,3.45
10/3/2013,3.43
10/4/2013,3.38
10/7/2013,3.37
10/8/2013,3.36
10/9/2013,3.36
10/10/2013,3.31
10/11/2013,3.3
10/14/2013,3.29
10/15/2013,3.24
10/16/2013,3.25
10/17/2013,3.24
10/18/2013,3.17
10/21/2013,3.13
10/22/2013,3.17
10/23/2013,3.17
10/24/2013,3.14
10/25/2013,3.15
10/28/2013,3.13
10/29/2013,3.11
10/30/2013,3.1
10/31/2013,3.12
11/1/2013,3.08
11/4/2013,3.1
11/5/2013,3.08
11/6/2013,3.11
11/7/2013,3.11
11/8/2013,3.14
11/11/2013,3.13
11/12/2013,3.12
11/13/2013,3.18
11/14/2013,3.18
11/15/2013,3.15
11/18/2013,3.14
11/19/2013,3.1
11/20/2013,3.07
11/21/2013,3.11
11/22/2013,3.09
11/25/2013,3.06
11/26/2013,3.07
11/27/2013,3.04
11/28/2013,3.04
11/29/2013,3.02
11/30/2013,3.06
12/2/2013,2.96
12/3/2013,2.98
12/4/2013,2.95
12/5/2013,2.92
12/6/2013,2.9
12/9/2013,2.88
12/10/2013,2.91
12/11/2013,2.89
12/12/2013,2.88
12/13/2013,2.89
12/16/2013,2.87
12/17/2013,2.92
12/18/2013,2.9
12/19/2013,2.85
12/20/2013,2.84
12/23/2013,2.8
12/24/2013,2.77
12/25/2013,.
12/26/2013,2.75
12/27/2013,2.76
12/30/2013,2.76
12/31/2013,2.77
1/1/2014,.
1/2/2014,2.77
1/3/2014,2.75
1/6/2014,2.73
1/7/2014,2.72
1/8/2014,2.66
1/9/2014,2.67
1/10/2014,2.74
1/13/2014,2.77
1/14/2014,2.72
1/15/2014,2.67
1/16/2014,2.7
1/17/2014,2.7
1/20/2014,2.7
1/21/2014,2.67
1/22/2014,2.65
1/23/2014,2.74
1/24/2014,2.87
1/27/2014,2.87
1/28/2014,2.85
1/29/2014,2.9
1/30/2014,2.88
1/31/2014,2.97
2/3/2014,3.04
2/4/2014,3.05
2/5/2014,3.01
2/6/2014,2.95
2/7/2014,2.94
2/10/2014,2.9
2/11/2014,2.83
2/12/2014,2.78
2/13/2014,2.84
2/14/2014,2.8
2/17/2014,2.8
2/18/2014,2.78
2/19/2014,2.73
2/20/2014,2.71
2/21/2014,2.68
2/24/2014,2.63
2/25/2014,2.62
2/26/2014,2.62
2/27/2014,2.64
2/28/2014,2.62
3/3/2014,2.67
3/4/2014,2.58
3/5/2014,2.58
3/6/2014,2.57
3/7/2014,2.58
3/10/2014,2.61
3/11/2014,2.61
3/12/2014,2.66
3/13/2014,2.71
3/14/2014,2.74
3/17/2014,2.68
3/18/2014,2.67
3/19/2014,2.54
3/20/2014,2.57
3/21/2014,2.56
3/24/2014,2.55
3/25/2014,2.55
3/26/2014,2.57
3/27/2014,2.59
3/28/2014,2.56
3/31/2014,2.55
4/1/2014,2.53
4/2/2014,2.49
4/3/2014,2.49
4/4/2014,2.53
4/7/2014,2.55
4/8/2014,2.56
4/9/2014,2.57
4/10/2014,2.59
4/11/2014,2.64
4/14/2014,2.59
4/15/2014,2.58
4/16/2014,2.57
4/17/2014,2.51
4/18/2014,.
4/21/2014,2.5
4/22/2014,2.47
4/23/2014,2.5
4/24/2014,2.49
4/25/2014,2.51
4/28/2014,2.51
4/29/2014,2.49
4/30/2014,2.53
5/1/2014,2.56
5/2/2014,2.54
5/5/2014,2.54
5/6/2014,2.53
5/7/2014,2.54
5/8/2014,2.54
5/9/2014,2.54
5/12/2014,2.5
5/13/2014,2.51
5/14/2014,2.55
5/15/2014,2.59
5/16/2014,2.58
5/19/2014,2.56
5/20/2014,2.57
5/21/2014,2.57
5/22/2014,2.57
5/23/2014,2.58
5/26/2014,2.58
5/27/2014,2.56
5/28/2014,2.61
5/29/2014,2.59
5/30/2014,2.57
5/31/2014,2.6
6/2/2014,2.53
6/3/2014,2.51
6/4/2014,2.51
6/5/2014,2.52
6/6/2014,2.47
6/9/2014,2.43
6/10/2014,2.4
6/11/2014,2.4
6/12/2014,2.43
6/13/2014,2.41
6/16/2014,2.4
6/17/2014,2.35
6/18/2014,2.38
6/19/2014,2.36
6/20/2014,2.34
6/23/2014,2.32
6/24/2014,2.36
6/25/2014,2.4
6/26/2014,2.43
6/27/2014,2.44
6/30/2014,2.49
7/1/2014,2.47
7/2/2014,2.42
7/3/2014,2.4
7/4/2014,2.4
7/7/2014,2.41
7/8/2014,2.44
7/9/2014,2.47
7/10/2014,2.55
7/11/2014,2.55
7/14/2014,2.52
7/15/2014,2.54
7/16/2014,2.56
7/17/2014,2.65
7/18/2014,2.69
7/21/2014,2.7
7/22/2014,2.69
7/23/2014,2.67
7/24/2014,2.62
7/25/2014,2.66
7/28/2014,2.64
7/29/2014,2.68
7/30/2014,2.66
7/31/2014,2.85
8/1/2014,3.05
8/4/2014,3.04
8/5/2014,2.99
8/6/2014,3.01
8/7/2014,3.01
8/8/2014,3
8/11/2014,2.92
8/12/2014,2.87
8/13/2014,2.85
8/14/2014,2.8
8/15/2014,2.8
8/18/2014,2.73
8/19/2014,2.69
8/20/2014,2.62
8/21/2014,2.63
8/22/2014,2.62
8/25/2014,2.61
8/26/2014,2.61
8/27/2014,2.63
8/28/2014,2.65
8/29/2014,2.64
8/31/2014,2.67
9/1/2014,2.67
9/2/2014,2.63
9/3/2014,2.66
9/4/2014,2.68
9/5/2014,2.73
9/8/2014,2.73
9/9/2014,2.73
9/10/2014,2.78
9/11/2014,2.81
9/12/2014,2.79
9/15/2014,2.82
9/16/2014,2.86
9/17/2014,2.81
9/18/2014,2.74
9/19/2014,2.74
9/22/2014,2.78
9/23/2014,2.86
9/24/2014,2.9
9/25/2014,3.03
9/26/2014,3.09
9/29/2014,3.18
9/30/2014,3.08
10/1/2014,3.14
10/2/2014,3.1
10/3/2014,2.99
10/6/2014,2.96
10/7/2014,3.05
10/8/2014,3.14
10/9/2014,3.16
10/10/2014,3.26
10/13/2014,3.26
10/14/2014,3.41
10/15/2014,3.62
10/16/2014,3.5
10/17/2014,3.26
10/20/2014,3.25
10/21/2014,3.1
10/22/2014,3.04
10/23/2014,2.98
10/24/2014,2.97
10/27/2014,2.98
10/28/2014,2.95
10/29/2014,2.89
10/30/2014,2.91
10/31/2014,2.88
11/3/2014,2.87
11/4/2014,2.91
11/5/2014,2.89
11/6/2014,2.88
11/7/2014,2.92
11/10/2014,2.89
11/11/2014,2.89
11/12/2014,2.89
11/13/2014,2.93
11/14/2014,2.97
11/17/2014,3
11/18/2014,3.06
11/19/2014,3.09
11/20/2014,3.12
11/21/2014,3.06
11/24/2014,3.06
11/25/2014,3.07
11/26/2014,3.08
11/27/2014,3.08
11/28/2014,3.16
11/30/2014,3.19
12/1/2014,3.29
12/2/2014,3.27
12/3/2014,3.25
12/4/2014,3.26
12/5/2014,3.2
12/8/2014,3.27
12/9/2014,3.41
12/10/2014,3.53
12/11/2014,3.56
12/12/2014,3.73
12/15/2014,3.78
12/16/2014,3.94
12/17/2014,3.73
12/18/2014,3.47
12/19/2014,3.42
12/22/2014,3.37
12/23/2014,3.27
12/24/2014,3.26
12/25/2014,.
12/26/2014,3.26
12/29/2014,3.29
12/30/2014,3.31
12/31/2014,3.32
1/1/2015,.
1/2/2015,3.36
1/5/2015,3.47
1/6/2015,3.6
1/7/2015,3.55
1/8/2015,3.46
1/9/2015,3.47
1/12/2015,3.53
1/13/2015,3.55
1/14/2015,3.65
1/15/2015,3.69
1/16/2015,.
1/19/2015,3.64
1/20/2015,3.63
1/21/2015,3.6
1/22/2015,3.51
1/23/2015,3.54
1/26/2015,3.48
1/27/2015,3.51
1/28/2015,3.53
1/29/2015,3.5
1/30/2015,3.57
1/31/2015,3.59
2/2/2015,3.58
2/3/2015,3.44
2/4/2015,3.38
2/5/2015,3.33
2/6/2015,3.15
2/9/2015,3.16
2/10/2015,3.12
2/11/2015,3.14
2/12/2015,3.13
2/13/2015,3.11
2/16/2015,3.1
2/17/2015,2.98
2/18/2015,3.04
2/19/2015,2.99
2/20/2015,2.95
2/23/2015,2.98
2/24/2015,3.01
2/25/2015,2.98
2/26/2015,2.9
2/27/2015,2.91
2/28/2015,2.92
3/2/2015,2.86
3/3/2015,2.86
3/4/2015,2.91
3/5/2015,2.92
3/6/2015,2.88
3/9/2015,2.95
3/10/2015,3.08
3/11/2015,3.03
3/12/2015,3.05
3/13/2015,3.11
3/16/2015,3.14
3/17/2015,3.2
3/18/2015,3.32
3/19/2015,3.21
3/20/2015,3.24
3/23/2015,3.24
3/24/2015,3.24
3/25/2015,3.2
3/26/2015,3.16
3/27/2015,3.19
3/30/2015,3.17
3/31/2015,3.23
4/1/2015,3.27
4/2/2015,3.23
4/3/2015,.
4/6/2015,3.21
4/7/2015,3.15
4/8/2015,3.1
4/9/2015,3.06
4/10/2015,3.04
4/13/2015,3.05
4/14/2015,3.08
4/15/2015,3.06
4/16/2015,3.09
4/17/2015,3.14
4/20/2015,3.09
4/21/2015,3.06
4/22/2015,3
4/23/2015,3.03
4/24/2015,3.05
4/27/2015,3.04
4/28/2015,3.01
4/29/2015,3.02
4/30/2015,3.07
5/1/2015,3.02
5/4/2015,2.99
5/5/2015,2.97
5/6/2015,2.99
5/7/2015,3.04
5/8/2015,3.03
5/11/2015,2.96
5/12/2015,3.05
5/13/2015,3.01
5/14/2015,3.03
5/15/2015,3.06
5/18/2015,3
5/19/2015,2.97
5/20/2015,2.99
5/21/2015,3.01
5/22/2015,2.96
5/25/2015,.
5/26/2015,3
5/27/2015,2.97
5/28/2015,2.99
5/29/2015,3
5/31/2015,3.07
6/1/2015,3
6/2/2015,2.97
6/3/2015,2.94
6/4/2015,3.03
6/5/2015,3.02
6/8/2015,3.07
6/9/2015,3.1
6/10/2015,3.04
6/11/2015,3.08
6/12/2015,3.09
6/15/2015,3.16
6/16/2015,3.21
6/17/2015,3.21
6/18/2015,3.17
6/19/2015,3.18
6/22/2015,3.07
6/23/2015,3.08
6/24/2015,3.12
6/25/2015,3.12
6/26/2015,3.1
6/29/2015,3.32
6/30/2015,3.41
7/1/2015,3.29
7/2/2015,3.32
7/3/2015,3.32
7/6/2015,3.46
7/7/2015,3.51
7/8/2015,3.56
7/9/2015,3.47
7/10/2015,3.33
7/13/2015,3.29
7/14/2015,3.31
7/15/2015,3.32
7/16/2015,3.3
7/17/2015,3.33
7/20/2015,3.32
7/21/2015,3.41
7/22/2015,3.48
7/23/2015,3.52
7/24/2015,3.55
7/27/2015,3.68
7/28/2015,3.63
7/29/2015,3.53
7/30/2015,3.46
7/31/2015,3.54
8/3/2015,3.59
8/4/2015,3.54
8/5/2015,3.49
8/6/2015,3.58
8/7/2015,3.68
8/10/2015,3.65
8/11/2015,3.8
8/12/2015,3.88
8/13/2015,3.78
8/14/2015,3.75
8/17/2015,3.79
8/18/2015,3.78
8/19/2015,3.9
8/20/2015,3.95
8/21/2015,4.04
8/24/2015,4.26
8/25/2015,4.04
8/26/2015,4.06
8/27/2015,3.96
8/28/2015,3.89
8/31/2015,3.9
9/1/2015,3.97
9/2/2015,3.92
9/3/2015,3.89
9/4/2015,3.92
9/7/2015,3.92
9/8/2015,3.83
9/9/2015,3.8
9/10/2015,3.77
9/11/2015,3.82
9/14/2015,3.83
9/15/2015,3.75
9/16/2015,3.78
9/17/2015,3.89
9/18/2015,3.97
9/21/2015,3.92
9/22/2015,4.1
9/23/2015,4.09
9/24/2015,4.23
9/25/2015,4.24
9/28/2015,4.53
9/29/2015,4.65
9/30/2015,4.58
10/1/2015,4.64
10/2/2015,4.77
10/5/2015,4.57
10/6/2015,4.48
10/7/2015,4.28
10/8/2015,4.22
10/9/2015,4.12
10/12/2015,4.12
10/13/2015,4.19
10/14/2015,4.28
10/15/2015,4.22
10/16/2015,4.16
10/19/2015,4.12
10/20/2015,4.02
10/21/2015,4
10/22/2015,4
10/23/2015,3.87
10/26/2015,3.88
10/27/2015,3.94
10/28/2015,3.84
10/29/2015,3.79
10/30/2015,3.78
10/31/2015,3.81
11/2/2015,3.73
11/3/2015,3.68
11/4/2015,3.65
11/5/2015,3.68
11/6/2015,3.71
11/9/2015,3.8
11/10/2015,3.88
11/11/2015,3.88
11/12/2015,3.96
11/13/2015,4.04
11/16/2015,4.07
11/17/2015,3.99
11/18/2015,3.99
11/19/2015,4.05
11/20/2015,4.06
11/23/2015,4.08
11/24/2015,4.12
11/25/2015,4.08
11/26/2015,4.08
11/27/2015,4.08
11/30/2015,4.05
12/1/2015,4.05
12/2/2015,3.99
12/3/2015,3.94
12/4/2015,4.01
12/7/2015,4.14
12/8/2015,4.26
12/9/2015,4.31
12/10/2015,4.28
12/11/2015,4.61
12/14/2015,4.8
12/15/2015,4.59
12/16/2015,4.5
12/17/2015,4.52
12/18/2015,4.68
12/21/2015,4.73
12/22/2015,4.62
12/23/2015,4.53
12/24/2015,4.53
12/25/2015,.
12/28/2015,4.55
12/29/2015,4.44
12/30/2015,4.44
12/31/2015,4.24
1/1/2016,.
1/4/2016,4.35
1/5/2016,4.29
1/6/2016,4.36
1/7/2016,4.47
1/8/2016,4.48
1/11/2016,4.53
1/12/2016,4.59
1/13/2016,4.69
1/14/2016,4.77
1/15/2016,5.05
1/18/2016,5.05
1/19/2016,5.02
1/20/2016,5.34
1/21/2016,5.2
1/22/2016,4.97
1/25/2016,4.95
1/26/2016,4.94
1/27/2016,4.91
1/28/2016,4.86
1/29/2016,4.85
1/31/2016,4.88
2/1/2016,4.9
2/2/2016,5.1
2/3/2016,5.12
2/4/2016,5.09
2/5/2016,5.13
2/8/2016,5.5
2/9/2016,5.59
2/10/2016,5.53
2/11/2016,5.82
2/12/2016,5.59
2/15/2016,5.58
2/16/2016,5.43
2/17/2016,5.19
2/18/2016,5.14
2/19/2016,5.19
2/22/2016,5.04
2/23/2016,5.04
2/24/2016,5.09
2/25/2016,5.02
2/26/2016,4.8
2/29/2016,4.74
3/1/2016,4.47
3/2/2016,4.34
3/3/2016,4.34
3/4/2016,4.18
3/7/2016,4.13
3/8/2016,4.25
3/9/2016,4.28
3/10/2016,4.2
3/11/2016,4
3/14/2016,3.96
3/15/2016,4.02
3/16/2016,4.11
3/17/2016,4
3/18/2016,3.92
3/21/2016,3.88
3/22/2016,3.92
3/23/2016,4.02
3/24/2016,4.13
3/25/2016,.
3/28/2016,4.18
3/29/2016,4.31
3/30/2016,4.22
3/31/2016,4.28
4/1/2016,4.28
4/4/2016,4.27
4/5/2016,4.37
4/6/2016,4.29
4/7/2016,4.37
4/8/2016,4.3
4/11/2016,4.26
4/12/2016,4.15
4/13/2016,4.05
4/14/2016,3.99
4/15/2016,4.01
4/18/2016,4
4/19/2016,3.87
4/20/2016,3.74
4/21/2016,3.74
4/22/2016,3.73
4/25/2016,3.75
4/26/2016,3.7
4/27/2016,3.72
4/28/2016,3.68
4/29/2016,3.74
4/30/2016,3.81
5/2/2016,3.76
5/3/2016,3.9
5/4/2016,3.96
5/5/2016,4.02
5/6/2016,4.06
5/9/2016,4.1
5/10/2016,4.03
5/11/2016,3.99
5/12/2016,3.94
5/13/2016,4
5/16/2016,3.91
5/17/2016,3.87
5/18/2016,3.78
5/19/2016,3.92
5/20/2016,3.84
5/23/2016,3.84
5/24/2016,3.77
5/25/2016,3.71
5/26/2016,3.75
5/27/2016,3.74
5/30/2016,3.74
5/31/2016,3.71
6/1/2016,3.75
6/2/2016,3.76
6/3/2016,3.84
6/6/2016,3.75
6/7/2016,3.69
6/8/2016,3.63
6/9/2016,3.67
6/10/2016,3.79
6/13/2016,3.86
6/14/2016,3.99
6/15/2016,3.97
6/16/2016,4.08
6/17/2016,3.97
6/20/2016,3.8
6/21/2016,3.8
6/22/2016,3.77
6/23/2016,3.65
6/24/2016,4.08
6/27/2016,4.29
6/28/2016,4.2
6/29/2016,4.02
6/30/2016,4
7/1/2016,3.92
7/4/2016,3.92
7/5/2016,3.97
7/6/2016,3.94
7/7/2016,3.83
7/8/2016,3.71
7/11/2016,3.53
7/12/2016,3.38
7/13/2016,3.49
7/14/2016,3.37
7/15/2016,3.34
7/18/2016,3.35
7/19/2016,3.37
7/20/2016,3.31
7/21/2016,3.33
7/22/2016,3.32
7/25/2016,3.32
7/26/2016,3.37
7/27/2016,3.41
7/28/2016,3.45
7/29/2016,3.53
7/31/2016,3.6
8/1/2016,3.61
8/2/2016,3.63
8/3/2016,3.62
8/4/2016,3.57
8/5/2016,3.41
8/8/2016,3.38
8/9/2016,3.35
8/10/2016,3.38
8/11/2016,3.3
8/12/2016,3.34
8/15/2016,3.25
8/16/2016,3.2
8/17/2016,3.23
8/18/2016,3.24
8/19/2016,3.19
8/22/2016,3.23
8/23/2016,3.19
8/24/2016,3.19
8/25/2016,3.2
8/26/2016,3.1
8/29/2016,3.16
8/30/2016,3.14
8/31/2016,3.2
9/1/2016,3.22
9/2/2016,3.2
9/5/2016,3.2
9/6/2016,3.22
9/7/2016,3.19
9/8/2016,3.14
9/9/2016,3.23
9/12/2016,3.3
9/13/2016,3.32
9/14/2016,3.35
9/15/2016,3.36
9/16/2016,3.36
9/19/2016,3.35
9/20/2016,3.34
9/21/2016,3.32
9/22/2016,3.22
9/23/2016,3.24
9/26/2016,3.29
9/27/2016,3.31
9/28/2016,3.29
9/29/2016,3.26
9/30/2016,3.23
10/3/2016,3.19
10/4/2016,3.13
10/5/2016,3.08
10/6/2016,3.05
10/7/2016,3.06
10/10/2016,3.06
10/11/2016,3.06
10/12/2016,3.06
10/13/2016,3.12
10/14/2016,3.04
10/17/2016,3.08
10/18/2016,3.04
10/19/2016,3
10/20/2016,2.97
10/21/2016,2.98
10/24/2016,2.96
10/25/2016,2.96
10/26/2016,2.99
10/27/2016,2.99
10/28/2016,3.05
10/31/2016,3.18
11/1/2016,3.3
11/2/2016,3.39
11/3/2016,3.38
11/4/2016,3.42
11/7/2016,3.25
11/8/2016,3.2
11/9/2016,3.17
11/10/2016,3.22
11/11/2016,3.22
11/14/2016,3.36
11/15/2016,3.23
11/16/2016,3.23
11/17/2016,3.15
11/18/2016,3.14
11/21/2016,3.09
11/22/2016,3.02
11/23/2016,2.98
11/24/2016,2.98
11/25/2016,2.97
11/28/2016,2.99
11/29/2016,3.02
11/30/2016,2.98
12/1/2016,2.94
12/2/2016,2.97
12/5/2016,2.92
12/6/2016,2.88
12/7/2016,2.82
12/8/2016,2.77
12/9/2016,2.68
12/12/2016,2.66
12/13/2016,2.62
12/14/2016,2.56
12/15/2016,2.64
12/16/2016,2.64
12/19/2016,2.66
12/20/2016,2.64
12/21/2016,2.64
12/22/2016,2.62
12/23/2016,2.6
12/26/2016,.
12/27/2016,2.56
12/28/2016,2.6
12/29/2016,2.63
12/30/2016,2.67
12/31/2016,2.71
1/2/2017,.
1/3/2017,2.63
1/4/2017,2.55
1/5/2017,2.59
1/6/2017,2.54
1/9/2017,2.57
1/10/2017,2.54
1/11/2017,2.58
1/12/2017,2.59
1/13/2017,2.58
1/16/2017,2.57
1/17/2017,2.62
1/18/2017,2.59
1/19/2017,2.56
1/20/2017,2.6
1/23/2017,2.67
1/24/2017,2.59
1/25/2017,2.5
1/26/2017,2.52
1/27/2017,2.53
1/30/2017,2.55
1/31/2017,2.64
2/1/2017,2.6
2/2/2017,2.57
2/3/2017,2.51
2/6/2017,2.56
2/7/2017,2.59
2/8/2017,2.63
2/9/2017,2.57
2/10/2017,2.54
2/13/2017,2.52
2/14/2017,2.47
2/15/2017,2.45
2/16/2017,2.53
2/17/2017,2.55
2/20/2017,2.54
2/21/2017,2.52
2/22/2017,2.5
2/23/2017,2.5
2/24/2017,2.57
2/27/2017,2.51
2/28/2017,2.5
3/1/2017,2.36
3/2/2017,2.33
3/3/2017,2.38
3/6/2017,2.43
3/7/2017,2.49
3/8/2017,2.55
3/9/2017,2.62
3/10/2017,2.64
3/13/2017,2.68
3/14/2017,2.77
3/15/2017,2.75
3/16/2017,2.62
3/17/2017,2.64
3/20/2017,2.68
3/21/2017,2.75
3/22/2017,2.85
3/23/2017,2.8
3/24/2017,2.77
3/27/2017,2.82
3/28/2017,2.71
3/29/2017,2.66
3/30/2017,2.58
3/31/2017,2.53
4/3/2017,2.58
4/4/2017,2.57
4/5/2017,2.52
4/6/2017,2.54
4/7/2017,2.47
4/10/2017,2.47
4/11/2017,2.54
4/12/2017,2.55
4/13/2017,2.62
4/14/2017,.
4/17/2017,2.6
4/18/2017,2.66
4/19/2017,2.61
4/20/2017,2.56
4/21/2017,2.55
4/24/2017,2.46
4/25/2017,2.39
4/26/2017,2.36
4/27/2017,2.38
4/28/2017,2.36
4/30/2017,2.39
5/1/2017,2.35
5/2/2017,2.37
5/3/2017,2.34
5/4/2017,2.37
5/5/2017,2.39
5/8/2017,2.37
5/9/2017,2.32
5/10/2017,2.31
5/11/2017,2.32
5/12/2017,2.37
5/15/2017,2.33
5/16/2017,2.32
5/17/2017,2.43
5/18/2017,2.43
5/19/2017,2.37
5/22/2017,2.34
5/23/2017,2.29
5/24/2017,2.3
5/25/2017,2.31
5/26/2017,2.31
5/29/2017,2.3
5/30/2017,2.31
5/31/2017,2.36
6/1/2017,2.31
6/2/2017,2.31
6/5/2017,2.29
6/6/2017,2.32
6/7/2017,2.31
6/8/2017,2.32
6/9/2017,2.3
6/12/2017,2.27
6/13/2017,2.24
6/14/2017,2.28
6/15/2017,2.27
6/16/2017,2.3
6/19/2017,2.26
6/20/2017,2.31
6/21/2017,2.35
6/22/2017,2.38
6/23/2017,2.37
6/26/2017,2.34
6/27/2017,2.3
6/28/2017,2.3
6/29/2017,2.3
6/30/2017,2.31
7/3/2017,2.26
7/4/2017,2.26
7/5/2017,2.28
7/6/2017,2.31
7/7/2017,2.35
7/10/2017,2.36
7/11/2017,2.37
7/12/2017,2.34
7/13/2017,2.31
7/14/2017,2.3
7/17/2017,2.26
7/18/2017,2.27
7/19/2017,2.24
7/20/2017,2.22
7/21/2017,2.25
7/24/2017,2.23
7/25/2017,2.16
7/26/2017,2.19
7/27/2017,2.18
7/28/2017,2.19
7/31/2017,2.2
8/1/2017,2.19
8/2/2017,2.19
8/3/2017,2.22
8/4/2017,2.21
8/7/2017,2.22
8/8/2017,2.22
8/9/2017,2.37
8/10/2017,2.47
8/11/2017,2.52
8/14/2017,2.44
8/15/2017,2.41
8/16/2017,2.43
8/17/2017,2.46
8/18/2017,2.49
8/21/2017,2.5
8/22/2017,2.44
8/23/2017,2.45
8/24/2017,2.41
8/25/2017,2.4
8/28/2017,2.39
8/29/2017,2.38
8/30/2017,2.35
8/31/2017,2.36
9/1/2017,2.32
9/4/2017,2.32
9/5/2017,2.41
9/6/2017,2.33
9/7/2017,2.38
9/8/2017,2.4
9/11/2017,2.33
9/12/2017,2.3
9/13/2017,2.28
9/14/2017,2.26
9/15/2017,2.26
9/18/2017,2.18
9/19/2017,2.18
9/20/2017,2.13
9/21/2017,2.14
9/22/2017,2.16
9/25/2017,2.18
9/26/2017,2.14
9/27/2017,2.11
9/28/2017,2.1
9/29/2017,2.06
9/30/2017,2.1
10/2/2017,2.1
10/3/2017,2.1
10/4/2017,2.09
10/5/2017,2.08
10/6/2017,2.07
10/9/2017,2.07
10/10/2017,2.08
10/11/2017,2.08
10/12/2017,2.12
10/13/2017,2.17
10/16/2017,2.12
10/17/2017,2.1
10/18/2017,2.05
10/19/2017,2.07
10/20/2017,2.01
10/23/2017,2
10/24/2017,1.98
10/25/2017,2.01
10/26/2017,2
10/27/2017,2.04
10/30/2017,2.07
10/31/2017,2.07
11/1/2017,2.04
11/2/2017,2.07
11/3/2017,2.07
11/6/2017,2.1
11/7/2017,2.12
11/8/2017,2.19
11/9/2017,2.29
11/10/2017,2.26
11/13/2017,2.25
11/14/2017,2.32
11/15/2017,2.43
11/16/2017,2.27
11/17/2017,2.25
11/20/2017,2.19
11/21/2017,2.15
11/22/2017,2.19
11/23/2017,2.19
11/24/2017,2.17
11/27/2017,2.16
11/28/2017,2.16
11/29/2017,2.14
11/30/2017,2.08
12/1/2017,2.12
12/4/2017,2.08
12/5/2017,2.08
12/6/2017,2.14
12/7/2017,2.12
12/8/2017,2.13
12/11/2017,2.11
12/12/2017,2.09
12/13/2017,2.16
12/14/2017,2.16
12/15/2017,2.15
12/18/2017,2.15
12/19/2017,2.11
12/20/2017,2.09
12/21/2017,2.1
12/22/2017,2.09
12/25/2017,.
12/26/2017,2.1
12/27/2017,2.12
12/28/2017,2.1
12/29/2017,2.12
12/31/2017,2.18
1/1/2018,.
1/2/2018,2.12
1/3/2018,2.08
1/4/2018,2.02
1/5/2018,1.99
1/8/2018,1.99
1/9/2018,1.96
1/10/2018,2.03
1/11/2018,2.03
1/12/2018,2
1/15/2018,1.99
1/16/2018,1.98
1/17/2018,1.98
1/18/2018,1.99
1/19/2018,2
1/22/2018,1.96
1/23/2018,1.97
1/24/2018,1.94
1/25/2018,1.95
1/26/2018,1.92
1/29/2018,1.94
1/30/2018,1.99
1/31/2018,1.96
2/1/2018,1.95
2/2/2018,2
2/5/2018,2.1
2/6/2018,2.21
2/7/2018,2.09
2/8/2018,2.2
2/9/2018,2.4
2/12/2018,2.3
2/13/2018,2.37
2/14/2018,2.3
2/15/2018,2.22
2/16/2018,2.17
2/19/2018,2.17
2/20/2018,2.13
2/21/2018,2.1
2/22/2018,2.18
2/23/2018,2.21
2/26/2018,2.15
2/27/2018,2.14
2/28/2018,2.18
3/1/2018,2.28
3/2/2018,2.32
3/5/2018,2.28
3/6/2018,2.23
3/7/2018,2.25
3/8/2018,2.26
3/9/2018,2.23
3/12/2018,2.26
3/13/2018,2.27
3/14/2018,2.32
3/15/2018,2.33
3/16/2018,2.31
3/19/2018,2.34
3/20/2018,2.31
3/21/2018,2.3
3/22/2018,2.38
3/23/2018,2.42
3/26/2018,2.41
3/27/2018,2.43
3/28/2018,2.45
3/29/2018,2.46
3/30/2018,.
3/31/2018,2.44
4/2/2018,2.48
4/3/2018,2.42
4/4/2018,2.42
4/5/2018,2.33
4/6/2018,2.38
4/9/2018,2.36
4/10/2018,2.29
4/11/2018,2.28
4/12/2018,2.21
4/13/2018,2.17
4/16/2018,2.14
4/17/2018,2.11
4/18/2018,2.08
4/19/2018,2.14
4/20/2018,2.14
4/23/2018,2.16
4/24/2018,2.21
4/25/2018,2.26
4/26/2018,2.24
4/27/2018,2.25
4/30/2018,2.28
5/1/2018,2.28
5/2/2018,2.29
5/3/2018,2.32
5/4/2018,2.32
5/7/2018,2.31
5/8/2018,2.3
5/9/2018,2.28
5/10/2018,2.26
5/11/2018,2.26
5/14/2018,2.25
5/15/2018,2.23
5/16/2018,2.24
5/17/2018,2.24
5/18/2018,2.29
5/21/2018,2.29
5/22/2018,2.29
5/23/2018,2.37
5/24/2018,2.38
5/25/2018,2.42
5/28/2018,2.42
5/29/2018,2.62
5/30/2018,2.52
5/31/2018,2.54
6/1/2018,2.45
6/4/2018,2.39
6/5/2018,2.4
6/6/2018,2.36
6/7/2018,2.37
6/8/2018,2.38
6/11/2018,2.35
6/12/2018,2.33
6/13/2018,2.3
6/14/2018,2.3
6/15/2018,2.3
6/18/2018,2.32
6/19/2018,2.36
6/20/2018,2.32
6/21/2018,2.37
6/22/2018,2.37
6/25/2018,2.44
6/26/2018,2.45
6/27/2018,2.53
6/28/2018,2.58
6/29/2018,2.57
6/30/2018,2.6
7/2/2018,2.66
7/3/2018,2.66
7/4/2018,2.66
7/5/2018,2.63
7/6/2018,2.62
7/9/2018,2.55
7/10/2018,2.5
7/11/2018,2.56
7/12/2018,2.52
7/13/2018,2.53
7/16/2018,2.5
7/17/2018,2.49
7/18/2018,2.48
7/19/2018,2.51
7/20/2018,2.47
7/23/2018,2.41
7/24/2018,2.39
7/25/2018,2.39
7/26/2018,2.34
7/27/2018,2.35
7/30/2018,2.34
7/31/2018,2.33
8/1/2018,2.3
8/2/2018,2.3
8/3/2018,2.31
8/6/2018,2.31
8/7/2018,2.24
8/8/2018,2.25
8/9/2018,2.26
8/10/2018,2.35
8/13/2018,2.36
8/14/2018,2.33
8/15/2018,2.39
8/16/2018,2.33
8/17/2018,2.33
8/20/2018,2.36
8/21/2018,2.33
8/22/2018,2.32
8/23/2018,2.31
8/24/2018,2.3
8/27/2018,2.27
8/28/2018,2.24
8/29/2018,2.24
8/30/2018,2.27
8/31/2018,2.3
9/3/2018,2.3
9/4/2018,2.27
9/5/2018,2.29
9/6/2018,2.31
9/7/2018,2.26
9/10/2018,2.25
9/11/2018,2.21
9/12/2018,2.2
9/13/2018,2.17
9/14/2018,2.13
9/17/2018,2.14
9/18/2018,2.1
9/19/2018,2.09
9/20/2018,2.11
9/21/2018,2.12
9/24/2018,2.14
9/25/2018,2.13
9/26/2018,2.13
9/27/2018,2.12
9/28/2018,2.12
9/30/2018,2.13
10/1/2018,2.09
10/2/2018,2.09
10/3/2018,2.03
10/4/2018,2.14
10/5/2018,2.17
10/8/2018,2.17
10/9/2018,2.26
10/10/2018,2.35
10/11/2018,2.4
10/12/2018,2.37
10/15/2018,2.32
10/16/2018,2.29
10/17/2018,2.28
10/18/2018,2.34
10/19/2018,2.34
10/22/2018,2.35
10/23/2018,2.46
10/24/2018,2.48
10/25/2018,2.49
10/26/2018,2.6
10/29/2018,2.58
10/30/2018,2.59
10/31/2018,2.53
11/1/2018,2.53
11/2/2018,2.44
11/5/2018,2.43
11/6/2018,2.39
11/7/2018,2.32
11/8/2018,2.28
11/9/2018,2.39
11/12/2018,2.38
11/13/2018,2.53
11/14/2018,2.62
11/15/2018,2.71
11/16/2018,2.78
11/19/2018,2.82
11/20/2018,2.88
11/21/2018,2.8
11/22/2018,2.8
11/23/2018,2.83
11/26/2018,2.8
11/27/2018,2.84
11/28/2018,2.79
11/29/2018,2.76
11/30/2018,2.8
12/3/2018,2.73
12/4/2018,2.82
12/5/2018,2.82
12/6/2018,2.99
12/7/2018,2.99
12/10/2018,3.02
12/11/2018,2.95
12/12/2018,2.86
12/13/2018,2.84
12/14/2018,2.9
12/17/2018,2.99
12/18/2018,3.08
12/19/2018,3.19
12/20/2018,3.4
12/21/2018,3.49
12/24/2018,3.59
12/25/2018,.
12/26/2018,3.62
12/27/2018,3.63
12/28/2018,3.56
12/31/2018,3.6
1/1/2019,.
1/2/2019,3.61
1/3/2019,3.71
1/4/2019,3.4
1/7/2019,3.21
1/8/2019,3.05
1/9/2019,2.95
1/10/2019,2.95
1/11/2019,2.96
1/14/2019,2.99
1/15/2019,2.95
1/16/2019,2.85
1/17/2019,2.8
1/18/2019,2.71
1/21/2019,2.71
1/22/2019,2.8
1/23/2019,2.79
1/24/2019,2.83
1/25/2019,2.72
1/28/2019,2.77
1/29/2019,2.76
1/30/2019,2.74
1/31/2019,2.75
2/1/2019,2.67
2/4/2019,2.63
2/5/2019,2.54
2/6/2019,2.52
2/7/2019,2.67
2/8/2019,2.69
2/11/2019,2.66
2/12/2019,2.56
2/13/2019,2.5
2/14/2019,2.55
2/15/2019,2.51
2/18/2019,2.51
2/19/2019,2.51
2/20/2019,2.48
2/21/2019,2.46
2/22/2019,2.48
2/25/2019,2.42
2/26/2019,2.44
2/27/2019,2.39
2/28/2019,2.39
3/1/2019,2.33
3/4/2019,2.35
3/5/2019,2.35
3/6/2019,2.41
3/7/2019,2.51
3/8/2019,2.57
3/11/2019,2.52
3/12/2019,2.48
3/13/2019,2.41
3/14/2019,2.39
3/15/2019,2.37
3/18/2019,2.37
3/19/2019,2.33
3/20/2019,2.39
3/21/2019,2.33
3/22/2019,2.42
3/25/2019,2.48
3/26/2019,2.47
3/27/2019,2.47
3/28/2019,2.46
3/29/2019,2.39
3/31/2019,2.44
4/1/2019,2.33
4/2/2019,2.36
4/3/2019,2.32
4/4/2019,2.33
4/5/2019,2.29
4/8/2019,2.28
4/9/2019,2.29
4/10/2019,2.31
4/11/2019,2.23
4/12/2019,2.13
4/15/2019,2.16
4/16/2019,2.12
4/17/2019,2.16
4/18/2019,2.2
4/19/2019,.
4/22/2019,2.2
4/23/2019,2.19
4/24/2019,2.21
4/25/2019,2.23
4/26/2019,2.25
4/29/2019,2.22
4/30/2019,2.26
5/1/2019,2.24
5/2/2019,2.27
5/3/2019,2.25
5/6/2019,2.32
5/7/2019,2.38
5/8/2019,2.37
5/9/2019,2.48
5/10/2019,2.5
5/13/2019,2.66
5/14/2019,2.6
5/15/2019,2.63
5/16/2019,2.54
5/17/2019,2.55
5/20/2019,2.55
5/21/2019,2.48
5/22/2019,2.5
5/23/2019,2.66
5/24/2019,2.61
5/27/2019,2.61
5/28/2019,2.63
5/29/2019,2.76
5/30/2019,2.72
5/31/2019,2.94
6/3/2019,3.05
6/4/2019,2.88
6/5/2019,2.82
6/6/2019,2.76
6/7/2019,2.7
6/10/2019,2.6
6/11/2019,2.55
6/12/2019,2.57
6/13/2019,2.58
6/14/2019,2.56
6/17/2019,2.56
6/18/2019,2.49
6/19/2019,2.51
6/20/2019,2.39
6/21/2019,2.3
6/24/2019,2.33
6/25/2019,2.41
6/26/2019,2.39
6/27/2019,2.42
6/28/2019,2.39
6/30/2019,2.43
7/1/2019,2.35
7/2/2019,2.4
7/3/2019,.
7/4/2019,2.39
7/5/2019,2.35
7/8/2019,2.36
7/9/2019,2.38
7/10/2019,2.37
7/11/2019,2.35
7/12/2019,2.37
7/15/2019,2.37
7/16/2019,2.34
7/17/2019,2.38
7/18/2019,2.45
7/19/2019,2.41
7/22/2019,2.41
7/23/2019,2.35
7/24/2019,2.33
7/25/2019,2.29
7/26/2019,2.26
7/29/2019,2.29
7/30/2019,2.32
7/31/2019,2.34
8/1/2019,2.48
8/2/2019,2.54
8/5/2019,2.83
8/6/2019,2.77
8/7/2019,2.78
8/8/2019,2.59
8/9/2019,2.57
8/12/2019,2.63
8/13/2019,2.49
8/14/2019,2.7
8/15/2019,2.72
8/16/2019,2.67
8/19/2019,2.59
8/20/2019,2.6
8/21/2019,2.47
8/22/2019,2.41
8/23/2019,2.47
8/26/2019,2.45
8/27/2019,2.44
8/28/2019,2.4
8/29/2019,2.34
8/30/2019,2.35
8/31/2019,2.39
9/2/2019,2.39
9/3/2019,2.46
9/4/2019,2.47
9/5/2019,2.32
9/6/2019,2.31
9/9/2019,2.25
9/10/2019,2.19
9/11/2019,2.24
9/12/2019,2.17
9/13/2019,2.19
9/16/2019,2.2
9/17/2019,2.2
9/18/2019,2.2
9/19/2019,2.17
9/20/2019,2.19
9/23/2019,2.22
9/24/2019,2.27
9/25/2019,2.27
9/26/2019,2.29
9/27/2019,2.33
9/30/2019,2.32
10/1/2019,2.37
10/2/2019,2.53
10/3/2019,2.62
10/4/2019,2.6
10/7/2019,2.54
10/8/2019,2.59
10/9/2019,2.53
10/10/2019,2.47
10/11/2019,2.33
10/14/2019,2.33
10/15/2019,2.24
10/16/2019,2.26
10/17/2019,2.26
10/18/2019,2.26
10/21/2019,2.22
10/22/2019,2.23
10/23/2019,2.22
10/24/2019,2.2
10/25/2019,2.14
10/28/2019,2.12
10/29/2019,2.12
10/30/2019,2.19
10/31/2019,2.38
11/1/2019,2.32
11/4/2019,2.25
11/5/2019,2.22
11/6/2019,2.24
11/7/2019,2.19
11/8/2019,2.24
11/11/2019,2.23
11/12/2019,2.24
11/13/2019,2.26
11/14/2019,2.29
11/15/2019,2.29
11/18/2019,2.33
11/19/2019,2.32
11/20/2019,2.37
11/21/2019,2.34
11/22/2019,2.3
11/25/2019,2.26
11/26/2019,2.23
11/27/2019,2.17
11/28/2019,.
11/29/2019,2.18
11/30/2019,2.2
12/2/2019,2.2
12/3/2019,2.33
12/4/2019,2.22
12/5/2019,2.21
12/6/2019,2.12
12/9/2019,2.11
12/10/2019,2.08
12/11/2019,2.09
12/12/2019,1.96
12/13/2019,2.01
12/16/2019,1.94
12/17/2019,1.92
12/18/2019,1.88
12/19/2019,1.92
12/20/2019,1.92
12/23/2019,1.91
12/24/2019,1.93
12/25/2019,.
12/26/2019,1.94
12/27/2019,1.96
12/30/2019,2.01
12/31/2019,2.02
1/1/2020,.
1/2/2020,1.99
1/3/2020,2.04
1/6/2020,2
1/7/2020,1.98
1/8/2020,1.95
1/9/2020,1.94
1/10/2020,1.95
1/13/2020,1.93
1/14/2020,1.91
1/15/2020,1.9
1/16/2020,1.89
1/17/2020,1.87
1/20/2020,1.86
1/21/2020,1.94
1/22/2020,1.95
1/23/2020,2.02
1/24/2020,2.1
1/27/2020,2.4
1/28/2020,2.23
1/29/2020,2.19
1/30/2020,2.3
1/31/2020,2.41
2/3/2020,2.34
2/4/2020,2.24
2/5/2020,2.15
2/6/2020,2.12
2/7/2020,2.18
2/10/2020,2.16
2/11/2020,2.11
2/12/2020,2.05
2/13/2020,2.04
2/14/2020,2.04
2/17/2020,2.03
2/18/2020,2.08
2/19/2020,2.04
2/20/2020,2.08
2/21/2020,2.14
2/24/2020,2.45
2/25/2020,2.59
2/26/2020,2.65
2/27/2020,2.95
2/28/2020,3.32
2/29/2020,3.33
3/2/2020,3.25
3/3/2020,3.12
3/4/2020,3.03
3/5/2020,3.27
3/6/2020,3.77
3/9/2020,4.69
3/10/2020,4.4
3/11/2020,4.59
3/12/2020,5.3
3/13/2020,5.21
3/16/2020,6.16
3/17/2020,6.18
3/18/2020,6.7
3/19/2020,7.43
3/20/2020,7.67
3/23/2020,8.37
3/24/2020,8.05
3/25/2020,7.63
3/26/2020,6.94
3/27/2020,6.63
3/30/2020,6.5
3/31/2020,6.41
4/1/2020,6.68
4/2/2020,6.72
4/3/2020,6.93
4/6/2020,6.76
4/7/2020,6.39
4/8/2020,6.33
4/9/2020,5.57
4/10/2020,.
4/13/2020,5.3
4/14/2020,4.99
4/15/2020,5.3
4/16/2020,5.24
4/17/2020,5
4/20/2020,5.21
4/21/2020,5.57
4/22/2020,5.53
4/23/2020,5.53
4/24/2020,5.66
